[{"Book_Name": "war_and_peace", "Protocol": "TCP", "PID": "125958", "Buffer_Size": 1024, "Total_Time_Taken": 18.893073081970215, "Throughput": 177820.93921004696, "Word_Count": "566317",
{"Book_Name": "war_and_peace", "Protocol": "UDP", "PID": "126036", "Buffer_Size": 1024, "Total_Time_Taken": 1.1549277305603027, "Original Size": "3359584", "Size_of_the_file_created": 263381, "Throughput": 228049.76712458284, "Word_Count": "44881"}],
{"Book_Name": "war_and_peace", "Protocol": "TCP", "PID": "126040", "Buffer_Size": 1024, "Total_Time_Taken": 18.843485355377197, "Throughput": 178288.8853436716, "Word_Count": "566317"}