[{"Client IP_address": "127.0.0.1", "Client Port": 39206, "Server IP": "127.0.1.1", "Server port": 12346, "Protocol": "TCP", "Book_Name": "les_miserables_victor_hugo"}],
{"Client IP_address": "127.0.0.1", "Client Port": 59110, "Server IP": "127.0.1.1", "Server port": 12347, "Protocol": "TCP", "Book_Name": "war_and_peace"}],
{"Client IP_address": "127.0.0.1", "Client Port": 44674, "Server IP": "127.0.1.1", "Server port": 12346, "Protocol": "TCP", "Book_Name": "war_and_peace"}],
{"Client IP_address": "127.0.0.1", "Client Port": 36370, "Server IP": "127.0.1.1", "Server port": 12347, "Protocol": "TCP", "Book_Name": "war_and_peace"}]