[{"Book_Name": "les_miserables_victor_hugo", "Protocol": "UDP", "PID": "117422", "Buffer_Size": 32, "Total_Time_Taken": 1.087799072265625, "Original Size": "3369775", "Size_of_the_file_created": 18242, "Throughput": 16769.641071679056, "Word_Count": "2651"}],
{"Book_Name": "war_and_peace", "Protocol": "UDP", "PID": "117426", "Buffer_Size": 32, "Total_Time_Taken": 1.1757023334503174, "Original Size": "3359584", "Size_of_the_file_created": 30647, "Throughput": 26066.972164681065, "Word_Count": "4415",
{"Book_Name": "les_miserables_victor_hugo", "Protocol": "UDP", "PID": "117796", "Buffer_Size": 32, "Total_Time_Taken": 1.0697555541992188, "Original Size": "3369775", "Size_of_the_file_created": 31786, "Throughput": 29713.330185786115, "Word_Count": "4652"}],
{"Book_Name": "war_and_peace", "Protocol": "UDP", "PID": "117800", "Buffer_Size": 32, "Total_Time_Taken": 1.0601413249969482, "Original Size": "3359584", "Size_of_the_file_created": 23080, "Throughput": 21770.682319233652, "Word_Count": "3327",
{"Book_Name": "les_miserables_victor_hugo", "Protocol": "UDP", "PID": "140512", "Buffer_Size": 32, "Total_Time_Taken": 1.3251707553863525, "Original Size": "3369775", "Size_of_the_file_created": 12664, "Throughput": 9556.504283335034, "Word_Count": "1855"}],
{"Book_Name": "war_and_peace", "Protocol": "UDP", "PID": "140517", "Buffer_Size": 32, "Total_Time_Taken": 1.1564335823059082, "Original Size": "3359584", "Size_of_the_file_created": 0, "Throughput": 0.0, "Word_Count": "0"}]