[{"Book_Name": "les_miserables_victor_hugo", "Protocol": "TCP", "PID": "6322", "Buffer_Size": 1024, "Total_Time_Taken (ms)": 296.25844955444336, "Size_of_the_file_created": 3369775, "Throughput": 11374443.513992459, "Word_Count": "568727"},
    {"Book_Name": "les_miserables_victor_hugo", "Protocol": "TCP", "PID": "6328", "Buffer_Size": 1024, "Total_Time_Taken (ms)": 297.12510108947754, "Size_of_the_file_created": 3369775, "Throughput": 11341266.65045782, "Word_Count": "568727"},
    {"Book_Name": "les_miserables_victor_hugo", "Protocol": "TCP", "PID": "6335", "Buffer_Size": 1024, "Total_Time_Taken (ms)": 297.9254722595215, "Size_of_the_file_created": 3369775, "Throughput": 11310798.551204795, "Word_Count": "568727"},
    {"Book_Name": "les_miserables_victor_hugo", "Protocol": "TCP", "PID": "6342", "Buffer_Size": 1024, "Total_Time_Taken (ms)": 297.8963851928711, "Size_of_the_file_created": 3369775, "Throughput": 11311902.955177724, "Word_Count": "568727"},
    {"Book_Name": "les_miserables_victor_hugo", "Protocol": "TCP", "PID": "6349", "Buffer_Size": 1024, "Total_Time_Taken (ms)": 300.2021312713623, "Size_of_the_file_created": 3369775, "Throughput": 11225020.241291868, "Word_Count": "568727"}