[{"Book_Name": "les_miserables_victor_hugo", "Protocol": "TCP", "PID": "8437", "Buffer_Size": 1024, "Total_Time_Taken (ms)": 73232.07688331604, "Size_of_the_file_created": 3369775, "Throughput": 46015.01341234954, "Word_Count": "568727"},
    {"Book_Name": "les_miserables_victor_hugo", "Protocol": "TCP", "PID": "8474", "Buffer_Size": 1024, "Total_Time_Taken (ms)": 72805.12237548828, "Size_of_the_file_created": 3369775, "Throughput": 46284.861422532565, "Word_Count": "568727"},
    {"Book_Name": "les_miserables_victor_hugo", "Protocol": "TCP", "PID": "8517", "Buffer_Size": 1024, "Total_Time_Taken (ms)": 72689.40591812134, "Size_of_the_file_created": 3369775, "Throughput": 46358.54368923823, "Word_Count": "568727"},
    {"Book_Name": "les_miserables_victor_hugo", "Protocol": "TCP", "PID": "8552", "Buffer_Size": 1024, "Total_Time_Taken (ms)": 71912.68730163574, "Size_of_the_file_created": 3369775, "Throughput": 46859.255667439786, "Word_Count": "568727"},
    {"Book_Name": "les_miserables_victor_hugo", "Protocol": "TCP", "PID": "8581", "Buffer_Size": 1024, "Total_Time_Taken (ms)": 72853.58572006226, "Size_of_the_file_created": 3369775, "Throughput": 46254.07200886804, "Word_Count": "568727"}