[{"Book_Name": "les_miserables_victor_hugo", "Protocol": "TCP", "PID": "6607", "Buffer_Size": 1024, "Total_Time_Taken (ms)": 91.36247634887695, "Size_of_the_file_created": 3369775, "Throughput": 36883577.75168188, "Word_Count": "568727"},
    {"Book_Name": "les_miserables_victor_hugo", "Protocol": "TCP", "PID": "6616", "Buffer_Size": 1024, "Total_Time_Taken (ms)": 89.81537818908691, "Size_of_the_file_created": 3369775, "Throughput": 37518908.98800944, "Word_Count": "568727"},
    {"Book_Name": "les_miserables_victor_hugo", "Protocol": "TCP", "PID": "6623", "Buffer_Size": 1024, "Total_Time_Taken (ms)": 89.04457092285156, "Size_of_the_file_created": 3369775, "Throughput": 37843688.44810967, "Word_Count": "568727"},
    {"Book_Name": "les_miserables_victor_hugo", "Protocol": "TCP", "PID": "6630", "Buffer_Size": 1024, "Total_Time_Taken (ms)": 126.75905227661133, "Size_of_the_file_created": 3369775, "Throughput": 26584097.462692745, "Word_Count": "568727"},
    {"Book_Name": "les_miserables_victor_hugo", "Protocol": "TCP", "PID": "6637", "Buffer_Size": 1024, "Total_Time_Taken (ms)": 96.9996452331543, "Size_of_the_file_created": 3369775, "Throughput": 34740075.511618644, "Word_Count": "568727"}