[{"Book_Name": "les_miserables_victor_hugo", "Protocol": "TCP", "PID": "7469", "Buffer_Size": 1024, "Total_Time_Taken (ms)": 17192.527770996094, "Size_of_the_file_created": 3369775, "Throughput": 196002.3008184307, "Word_Count": "568727"},
    {"Book_Name": "les_miserables_victor_hugo", "Protocol": "TCP", "PID": "7485", "Buffer_Size": 1024, "Total_Time_Taken (ms)": 17207.871675491333, "Size_of_the_file_created": 3369775, "Throughput": 195827.52960666668, "Word_Count": "568727"},
    {"Book_Name": "les_miserables_victor_hugo", "Protocol": "TCP", "PID": "7499", "Buffer_Size": 1024, "Total_Time_Taken (ms)": 17189.517974853516, "Size_of_the_file_created": 3369775, "Throughput": 196036.61981270398, "Word_Count": "568727"},
    {"Book_Name": "les_miserables_victor_hugo", "Protocol": "TCP", "PID": "7513", "Buffer_Size": 1024, "Total_Time_Taken (ms)": 17249.028205871582, "Size_of_the_file_created": 3369775, "Throughput": 195360.28115792206, "Word_Count": "568727"},
    {"Book_Name": "les_miserables_victor_hugo", "Protocol": "TCP", "PID": "7528", "Buffer_Size": 1024, "Total_Time_Taken (ms)": 17212.003707885742, "Size_of_the_file_created": 3369775, "Throughput": 195780.5178984551, "Word_Count": "568727"}