[{"Book_Name": "les_miserables_victor_hugo", "Protocol": "TCP", "PID": "8844", "Buffer_Size": 1024, "Total_Time_Taken (ms)": 139452.67152786255, "Size_of_the_file_created": 3369775, "Throughput": 24164.291462331155, "Word_Count": "568727"},
    {"Book_Name": "les_miserables_victor_hugo", "Protocol": "TCP", "PID": "9028", "Buffer_Size": 1024, "Total_Time_Taken (ms)": 138987.48350143433, "Size_of_the_file_created": 3369775, "Throughput": 24245.168810220413, "Word_Count": "568727"},
    {"Book_Name": "les_miserables_victor_hugo", "Protocol": "TCP", "PID": "9098", "Buffer_Size": 1024, "Total_Time_Taken (ms)": 138899.21379089355, "Size_of_the_file_created": 3369775, "Throughput": 24260.57648586149, "Word_Count": "568727"},
    {"Book_Name": "les_miserables_victor_hugo", "Protocol": "TCP", "PID": "9149", "Buffer_Size": 1024, "Total_Time_Taken (ms)": 139199.87297058105, "Size_of_the_file_created": 3369775, "Throughput": 24208.17582723067, "Word_Count": "568727"},
    {"Book_Name": "les_miserables_victor_hugo", "Protocol": "TCP", "PID": "9422", "Buffer_Size": 1024, "Total_Time_Taken (ms)": 139724.42531585693, "Size_of_the_file_created": 3369775, "Throughput": 24117.293682778694, "Word_Count": "568727"}