[{"Book_Name": "les_miserables_victor_hugo", "Protocol": "TCP", "PID": "7802", "Buffer_Size": 1024, "Total_Time_Taken (ms)": 31337.399005889893, "Size_of_the_file_created": 3369775, "Throughput": 107532.05776161091, "Word_Count": "568727"},
    {"Book_Name": "les_miserables_victor_hugo", "Protocol": "TCP", "PID": "7880", "Buffer_Size": 1024, "Total_Time_Taken (ms)": 31873.873472213745, "Size_of_the_file_created": 3369775, "Throughput": 105722.16781049919, "Word_Count": "568727"},
    {"Book_Name": "les_miserables_victor_hugo", "Protocol": "TCP", "PID": "7897", "Buffer_Size": 1024, "Total_Time_Taken (ms)": 31819.10467147827, "Size_of_the_file_created": 3369775, "Throughput": 105904.14264611817, "Word_Count": "568727"},
    {"Book_Name": "les_miserables_victor_hugo", "Protocol": "TCP", "PID": "7917", "Buffer_Size": 1024, "Total_Time_Taken (ms)": 31814.059495925903, "Size_of_the_file_created": 3369775, "Throughput": 105920.9372645931, "Word_Count": "568727"},
    {"Book_Name": "les_miserables_victor_hugo", "Protocol": "TCP", "PID": "7944", "Buffer_Size": 1024, "Total_Time_Taken (ms)": 31934.44013595581, "Size_of_the_file_created": 3369775, "Throughput": 105521.6557939866, "Word_Count": "568727"}