[{"Book_Name": "les_miserables_victor_hugo", "Protocol": "TCP", "PID": "14169", "Buffer_Size": 1024, "Total_Time_Taken (ms)": 113.41643333435059, "Size_of_the_file_created": 3369775, "Throughput": 29711523.28574762, "Word_Count": "568727"},
    {"Book_Name": "les_miserables_victor_hugo", "Protocol": "TCP", "PID": "14177", "Buffer_Size": 1024, "Total_Time_Taken (ms)": 109.63010787963867, "Size_of_the_file_created": 3369775, "Throughput": 30737678.40947149, "Word_Count": "568727"},
    {"Book_Name": "les_miserables_victor_hugo", "Protocol": "TCP", "PID": "14184", "Buffer_Size": 1024, "Total_Time_Taken (ms)": 109.62486267089844, "Size_of_the_file_created": 3369775, "Throughput": 30739149.111787733, "Word_Count": "568727"},
    {"Book_Name": "les_miserables_victor_hugo", "Protocol": "TCP", "PID": "14191", "Buffer_Size": 1024, "Total_Time_Taken (ms)": 103.60193252563477, "Size_of_the_file_created": 3369775, "Throughput": 32526178.979974132, "Word_Count": "568727"},
    {"Book_Name": "les_miserables_victor_hugo", "Protocol": "TCP", "PID": "14198", "Buffer_Size": 1024, "Total_Time_Taken (ms)": 103.7130355834961, "Size_of_the_file_created": 3369775, "Throughput": 32491335.163814586, "Word_Count": "568727"}