[{"Book_Name": "les_miserables_victor_hugo", "Protocol": "TCP", "PID": "13165", "Buffer_Size": 1024, "Total_Time_Taken (ms)": 100.7075309753418, "Size_of_the_file_created": 3369775, "Throughput": 33461003.038840145, "Word_Count": "568727"},
    {"Book_Name": "les_miserables_victor_hugo", "Protocol": "TCP", "PID": "13174", "Buffer_Size": 1024, "Total_Time_Taken (ms)": 93.98889541625977, "Size_of_the_file_created": 3369775, "Throughput": 35852905.65524659, "Word_Count": "568727"},
    {"Book_Name": "les_miserables_victor_hugo", "Protocol": "TCP", "PID": "13181", "Buffer_Size": 1024, "Total_Time_Taken (ms)": 92.93341636657715, "Size_of_the_file_created": 3369775, "Throughput": 36260100.31427098, "Word_Count": "568727"},
    {"Book_Name": "les_miserables_victor_hugo", "Protocol": "TCP", "PID": "13188", "Buffer_Size": 1024, "Total_Time_Taken (ms)": 92.2706127166748, "Size_of_the_file_created": 3369775, "Throughput": 36520565.98287904, "Word_Count": "568727"},
    {"Book_Name": "les_miserables_victor_hugo", "Protocol": "TCP", "PID": "13194", "Buffer_Size": 1024, "Total_Time_Taken (ms)": 96.32730484008789, "Size_of_the_file_created": 3369775, "Throughput": 34982552.51295709, "Word_Count": "568727"}