[{"Book_Name": "les_miserables_victor_hugo", "Protocol": "TCP", "PID": "15399", "Buffer_Size": 1024, "Total_Time_Taken (ms)": 123.63433837890625, "Size_of_the_file_created": 3369775, "Throughput": 27255979.561863624, "Word_Count": "568727"},
    {"Book_Name": "les_miserables_victor_hugo", "Protocol": "TCP", "PID": "15408", "Buffer_Size": 1024, "Total_Time_Taken (ms)": 127.8846263885498, "Size_of_the_file_created": 3369775, "Throughput": 26350118.033434816, "Word_Count": "568727"},
    {"Book_Name": "les_miserables_victor_hugo", "Protocol": "TCP", "PID": "15415", "Buffer_Size": 1024, "Total_Time_Taken (ms)": 155.25078773498535, "Size_of_the_file_created": 3369775, "Throughput": 21705364.907727487, "Word_Count": "568727"},
    {"Book_Name": "les_miserables_victor_hugo", "Protocol": "TCP", "PID": "15422", "Buffer_Size": 1024, "Total_Time_Taken (ms)": 120.03636360168457, "Size_of_the_file_created": 3369775, "Throughput": 28072951.386480596, "Word_Count": "568727"},
    {"Book_Name": "les_miserables_victor_hugo", "Protocol": "TCP", "PID": "15429", "Buffer_Size": 1024, "Total_Time_Taken (ms)": 119.99678611755371, "Size_of_the_file_created": 3369775, "Throughput": 28082210.44102658, "Word_Count": "568727"}