[{"Book_Name": "les_miserables_victor_hugo", "Protocol": "TCP", "PID": "12388", "Buffer_Size": 1024, "Total_Time_Taken (ms)": 86.12942695617676, "Size_of_the_file_created": 3369775, "Throughput": 39124549.170802735, "Word_Count": "568727"},
    {"Book_Name": "les_miserables_victor_hugo", "Protocol": "TCP", "PID": "12399", "Buffer_Size": 1024, "Total_Time_Taken (ms)": 83.7552547454834, "Size_of_the_file_created": 3369775, "Throughput": 40233595.017293155, "Word_Count": "568727"},
    {"Book_Name": "les_miserables_victor_hugo", "Protocol": "TCP", "PID": "12406", "Buffer_Size": 1024, "Total_Time_Taken (ms)": 84.78879928588867, "Size_of_the_file_created": 3369775, "Throughput": 39743162.1674212, "Word_Count": "568727"},
    {"Book_Name": "les_miserables_victor_hugo", "Protocol": "TCP", "PID": "12412", "Buffer_Size": 1024, "Total_Time_Taken (ms)": 83.1141471862793, "Size_of_the_file_created": 3369775, "Throughput": 40543940.04004521, "Word_Count": "568727"},
    {"Book_Name": "les_miserables_victor_hugo", "Protocol": "TCP", "PID": "12419", "Buffer_Size": 1024, "Total_Time_Taken (ms)": 81.22563362121582, "Size_of_the_file_created": 3369775, "Throughput": 41486595.42275122, "Word_Count": "568727"}