[{"Book_Name": "les_miserables_victor_hugo", "Protocol": "TCP", "PID": "11831", "Buffer_Size": 1024, "Total_Time_Taken (ms)": 79.39386367797852, "Size_of_the_file_created": 3369775, "Throughput": 42443771.3935652, "Word_Count": "568727"},
    {"Book_Name": "les_miserables_victor_hugo", "Protocol": "TCP", "PID": "11840", "Buffer_Size": 1024, "Total_Time_Taken (ms)": 71.98619842529297, "Size_of_the_file_created": 3369775, "Throughput": 46811403.76508618, "Word_Count": "568727"},
    {"Book_Name": "les_miserables_victor_hugo", "Protocol": "TCP", "PID": "11846", "Buffer_Size": 1024, "Total_Time_Taken (ms)": 128.69596481323242, "Size_of_the_file_created": 3369775, "Throughput": 26183998.891420737, "Word_Count": "568727"},
    {"Book_Name": "les_miserables_victor_hugo", "Protocol": "TCP", "PID": "11852", "Buffer_Size": 1024, "Total_Time_Taken (ms)": 70.58262825012207, "Size_of_the_file_created": 3369775, "Throughput": 47742271.48440271, "Word_Count": "568727"},
    {"Book_Name": "les_miserables_victor_hugo", "Protocol": "TCP", "PID": "11858", "Buffer_Size": 1024, "Total_Time_Taken (ms)": 90.56901931762695, "Size_of_the_file_created": 3369775, "Throughput": 37206707.3861333, "Word_Count": "568727"}