[{"Book_Name": "les_miserables_victor_hugo", "Protocol": "TCP", "PID": "10602", "Buffer_Size": 1024, "Total_Time_Taken (ms)": 200660.33363342285, "Size_of_the_file_created": 3369775, "Throughput": 16793.428671139794, "Word_Count": "568727"},
    {"Book_Name": "les_miserables_victor_hugo", "Protocol": "TCP", "PID": "10707", "Buffer_Size": 1024, "Total_Time_Taken (ms)": 199580.1327228546, "Size_of_the_file_created": 3369775, "Throughput": 16884.320869148894, "Word_Count": "568727"},
    {"Book_Name": "les_miserables_victor_hugo", "Protocol": "TCP", "PID": "10819", "Buffer_Size": 1024, "Total_Time_Taken (ms)": 198685.387134552, "Size_of_the_file_created": 3369775, "Throughput": 16960.356514381958, "Word_Count": "568727"},
    {"Book_Name": "les_miserables_victor_hugo", "Protocol": "TCP", "PID": "10927", "Buffer_Size": 1024, "Total_Time_Taken (ms)": 188278.20873260498, "Size_of_the_file_created": 3369775, "Throughput": 17897.849266166515, "Word_Count": "568727"},
    {"Book_Name": "les_miserables_victor_hugo", "Protocol": "TCP", "PID": "11317", "Buffer_Size": 1024, "Total_Time_Taken (ms)": 176873.08144569397, "Size_of_the_file_created": 3369775, "Throughput": 19051.938104185938, "Word_Count": "568727"}