[{"Book_Name": "les_miserables_victor_hugo", "Protocol": "TCP", "PID": "10012", "Buffer_Size": 1024, "Total_Time_Taken (ms)": 60901.992321014404, "Size_of_the_file_created": 3369775, "Throughput": 55331.11268738001, "Word_Count": "568727"},
    {"Book_Name": "les_miserables_victor_hugo", "Protocol": "TCP", "PID": "10061", "Buffer_Size": 1024, "Total_Time_Taken (ms)": 66323.25196266174, "Size_of_the_file_created": 3369775, "Throughput": 50808.350017232195, "Word_Count": "568727"},
    {"Book_Name": "les_miserables_victor_hugo", "Protocol": "TCP", "PID": "10101", "Buffer_Size": 1024, "Total_Time_Taken (ms)": 63464.75887298584, "Size_of_the_file_created": 3369775, "Throughput": 53096.790405271124, "Word_Count": "568727"},
    {"Book_Name": "les_miserables_victor_hugo", "Protocol": "TCP", "PID": "10138", "Buffer_Size": 1024, "Total_Time_Taken (ms)": 65382.95555114746, "Size_of_the_file_created": 3369775, "Throughput": 51539.04364821668, "Word_Count": "568727"},
    {"Book_Name": "les_miserables_victor_hugo", "Protocol": "TCP", "PID": "10238", "Buffer_Size": 1024, "Total_Time_Taken (ms)": 67764.69230651855, "Size_of_the_file_created": 3369775, "Throughput": 49727.592427595926, "Word_Count": "568727"},
    {"Book_Name": "les_miserables_victor_hugo", "Protocol": "TCP", "PID": "10312", "Buffer_Size": 1024, "Total_Time_Taken (ms)": 60745.012521743774, "Size_of_the_file_created": 3369775, "Throughput": 55474.10166050725, "Word_Count": "568727"}