[{"Book_Name": "les_miserables_victor_hugo", "Protocol": "TCP", "PID": "9704", "Buffer_Size": 1024, "Total_Time_Taken (ms)": 32269.04058456421, "Size_of_the_file_created": 3369775, "Throughput": 104427.49269750279, "Word_Count": "568727"},
    {"Book_Name": "les_miserables_victor_hugo", "Protocol": "TCP", "PID": "9724", "Buffer_Size": 1024, "Total_Time_Taken (ms)": 33295.05228996277, "Size_of_the_file_created": 3369775, "Throughput": 101209.48213725626, "Word_Count": "568727"},
    {"Book_Name": "les_miserables_victor_hugo", "Protocol": "TCP", "PID": "9740", "Buffer_Size": 1024, "Total_Time_Taken (ms)": 26791.195392608643, "Size_of_the_file_created": 3369775, "Throughput": 125779.1953893061, "Word_Count": "568727"},
    {"Book_Name": "les_miserables_victor_hugo", "Protocol": "TCP", "PID": "9755", "Buffer_Size": 1024, "Total_Time_Taken (ms)": 26304.37397956848, "Size_of_the_file_created": 3369775, "Throughput": 128107.02138805587, "Word_Count": "568727"},
    {"Book_Name": "les_miserables_victor_hugo", "Protocol": "TCP", "PID": "9772", "Buffer_Size": 1024, "Total_Time_Taken (ms)": 30804.908514022827, "Size_of_the_file_created": 3369775, "Throughput": 109390.84589282358, "Word_Count": "568727"}