[{"Book_Name": "anna_kareina", "Protocol": "UDP", "PID": "12440", "Buffer_Size": 1024, "Total_Time_Taken": 0.12041592597961426, "Size_of_the_file_created": 339968, "Throughput": 2823281.033918675, "Word_Count": "57699"},
    {"Book_Name": "bleak_house", "Protocol": "UDP", "PID": "12440", "Buffer_Size": 1024, "Total_Time_Taken": 0.3108031749725342, "Size_of_the_file_created": 143360, "Throughput": 461256.5493022032, "Word_Count": "25394"},
    {"Book_Name": "don_quixote", "Protocol": "UDP", "PID": "12440", "Buffer_Size": 1024, "Total_Time_Taken": 0.5185699462890625, "Size_of_the_file_created": 389120, "Throughput": 750371.2908636163, "Word_Count": "69183"},
    {"Book_Name": "les_miserables_victor_hugo", "Protocol": "UDP", "PID": "12440", "Buffer_Size": 1024, "Total_Time_Taken": 0.7192201614379883, "Size_of_the_file_created": 319488, "Throughput": 444214.4660700623, "Word_Count": "52903"},
    {"Book_Name": "middlemarch", "Protocol": "UDP", "PID": "12440", "Buffer_Size": 1024, "Total_Time_Taken": 0.8466088771820068, "Size_of_the_file_created": 229376, "Throughput": 270935.0281838445, "Word_Count": "38999"},
    {"Book_Name": "anna_kareina", "Protocol": "UDP", "PID": "12461", "Buffer_Size": 1024, "Total_Time_Taken": 0.20725059509277344, "Size_of_the_file_created": 569344, "Throughput": 2747128.4207658824, "Word_Count": "95982"},
    {"Book_Name": "bleak_house", "Protocol": "UDP", "PID": "12461", "Buffer_Size": 1024, "Total_Time_Taken": 0.40569257736206055, "Size_of_the_file_created": 389120, "Throughput": 959149.9123059618, "Word_Count": "69932"},
    {"Book_Name": "don_quixote", "Protocol": "UDP", "PID": "12461", "Buffer_Size": 1024, "Total_Time_Taken": 0.6339292526245117, "Size_of_the_file_created": 499712, "Throughput": 788277.2374537966, "Word_Count": "89112"},
    {"Book_Name": "les_miserables_victor_hugo", "Protocol": "UDP", "PID": "12461", "Buffer_Size": 1024, "Total_Time_Taken": 0.8088910579681396, "Size_of_the_file_created": 536576, "Throughput": 663347.6717468355, "Word_Count": "89404"},
    {"Book_Name": "middlemarch", "Protocol": "UDP", "PID": "12461", "Buffer_Size": 1024, "Total_Time_Taken": 0.9354245662689209, "Size_of_the_file_created": 339968, "Throughput": 363437.1089440302, "Word_Count": "58008"},
    {"Book_Name": "anna_kareina", "Protocol": "UDP", "PID": "12479", "Buffer_Size": 1024, "Total_Time_Taken": 0.17509913444519043, "Size_of_the_file_created": 241664, "Throughput": 1380155.3089666797, "Word_Count": "40958"},
    {"Book_Name": "bleak_house", "Protocol": "UDP", "PID": "12479", "Buffer_Size": 1024, "Total_Time_Taken": 0.3284578323364258, "Size_of_the_file_created": 339968, "Throughput": 1035043.0604187414, "Word_Count": "61202"},
    {"Book_Name": "don_quixote", "Protocol": "UDP", "PID": "12479", "Buffer_Size": 1024, "Total_Time_Taken": 0.5048961639404297, "Size_of_the_file_created": 245760, "Throughput": 486753.5496447069, "Word_Count": "42641"},
    {"Book_Name": "les_miserables_victor_hugo", "Protocol": "UDP", "PID": "12479", "Buffer_Size": 1024, "Total_Time_Taken": 0.69051194190979, "Size_of_the_file_created": 462848, "Throughput": 670296.87961641, "Word_Count": "76856"},
    {"Book_Name": "middlemarch", "Protocol": "UDP", "PID": "12479", "Buffer_Size": 1024, "Total_Time_Taken": 0.852658748626709, "Size_of_the_file_created": 94208, "Throughput": 110487.34344394082, "Word_Count": "15874"},
    {"Book_Name": "anna_kareina", "Protocol": "UDP", "PID": "12499", "Buffer_Size": 1024, "Total_Time_Taken": 0.16217637062072754, "Size_of_the_file_created": 196608, "Throughput": 1212309.7788382238, "Word_Count": "33402"},
    {"Book_Name": "bleak_house", "Protocol": "UDP", "PID": "12499", "Buffer_Size": 1024, "Total_Time_Taken": 0.3539748191833496, "Size_of_the_file_created": 339968, "Throughput": 960429.8994610279, "Word_Count": "60286"},
    {"Book_Name": "don_quixote", "Protocol": "UDP", "PID": "12499", "Buffer_Size": 1024, "Total_Time_Taken": 0.4932277202606201, "Size_of_the_file_created": 339968, "Throughput": 689271.884030285, "Word_Count": "60658"},
    {"Book_Name": "les_miserables_victor_hugo", "Protocol": "UDP", "PID": "12499", "Buffer_Size": 1024, "Total_Time_Taken": 0.6334409713745117, "Size_of_the_file_created": 364544, "Throughput": 575497.9808283814, "Word_Count": "60741"},
    {"Book_Name": "middlemarch", "Protocol": "UDP", "PID": "12499", "Buffer_Size": 1024, "Total_Time_Taken": 0.8523893356323242, "Size_of_the_file_created": 241664, "Throughput": 283513.6361962195, "Word_Count": "41123"},
    {"Book_Name": "anna_kareina", "Protocol": "UDP", "PID": "12519", "Buffer_Size": 1024, "Total_Time_Taken": 0.14906668663024902, "Size_of_the_file_created": 180224, "Throughput": 1209015.9382628181, "Word_Count": "30487"},
    {"Book_Name": "bleak_house", "Protocol": "UDP", "PID": "12519", "Buffer_Size": 1024, "Total_Time_Taken": 0.33266615867614746, "Size_of_the_file_created": 339968, "Throughput": 1021949.4563345739, "Word_Count": "60149"},
    {"Book_Name": "don_quixote", "Protocol": "UDP", "PID": "12519", "Buffer_Size": 1024, "Total_Time_Taken": 0.5431394577026367, "Size_of_the_file_created": 339968, "Throughput": 625931.3242274675, "Word_Count": "60242"},
    {"Book_Name": "les_miserables_victor_hugo", "Protocol": "UDP", "PID": "12519", "Buffer_Size": 1024, "Total_Time_Taken": 0.7780342102050781, "Size_of_the_file_created": 536576, "Throughput": 689656.0497751978, "Word_Count": "89625"},
    {"Book_Name": "middlemarch", "Protocol": "UDP", "PID": "12519", "Buffer_Size": 1024, "Total_Time_Taken": 0.9019923210144043, "Size_of_the_file_created": 94208, "Throughput": 104444.3481448392, "Word_Count": "15874"}