[{"Book_Name": "anna_kareina", "Protocol": "UDP", "PID": "14453", "Buffer_Size": 4096, "Total_Time_Taken": 0.11505007743835449, "Size_of_the_file_created": 233472, "Throughput": 2029307.6301934496, "Word_Count": "39596"},
{"Book_Name": "bleak_house", "Protocol": "UDP", "PID": "14453", "Buffer_Size": 4096, "Total_Time_Taken": 0.2807438373565674, "Size_of_the_file_created": 131072, "Throughput": 466874.0059769432, "Word_Count": "23183"},
{"Book_Name": "don_quixote", "Protocol": "UDP", "PID": "14453", "Buffer_Size": 4096, "Total_Time_Taken": 0.4307746887207031, "Size_of_the_file_created": 151552, "Throughput": 351812.6853044056, "Word_Count": "26184"},
{"Book_Name": "les_miserables_victor_hugo", "Protocol": "UDP", "PID": "14453", "Buffer_Size": 4096, "Total_Time_Taken": 0.5532355308532715, "Size_of_the_file_created": 294912, "Throughput": 533067.7144780426, "Word_Count": "48956"},
{"Book_Name": "middlemarch", "Protocol": "UDP", "PID": "14453", "Buffer_Size": 4096, "Total_Time_Taken": 0.680126428604126, "Size_of_the_file_created": 159744, "Throughput": 234873.97825115322, "Word_Count": "27184"},
{"Book_Name": "anna_kareina", "Protocol": "UDP", "PID": "14610", "Buffer_Size": 65536, "Total_Time_Taken": 0.11217355728149414, "Size_of_the_file_created": 155648, "Throughput": 1387564.0906119153, "Word_Count": "26285"},
{"Book_Name": "bleak_house", "Protocol": "UDP", "PID": "14610", "Buffer_Size": 65536, "Total_Time_Taken": 0.2670760154724121, "Size_of_the_file_created": 135168, "Throughput": 506103.10237297334, "Word_Count": "23688"},
{"Book_Name": "don_quixote", "Protocol": "UDP", "PID": "14610", "Buffer_Size": 65536, "Total_Time_Taken": 0.4338822364807129, "Size_of_the_file_created": 188416, "Throughput": 434256.0818536196, "Word_Count": "32911"},
{"Book_Name": "les_miserables_victor_hugo", "Protocol": "UDP", "PID": "14610", "Buffer_Size": 65536, "Total_Time_Taken": 0.6100482940673828, "Size_of_the_file_created": 217088, "Throughput": 355853.79405392054, "Word_Count": "35961"},
{"Book_Name": "middlemarch", "Protocol": "UDP", "PID": "14610", "Buffer_Size": 65536, "Total_Time_Taken": 0.7676618099212646, "Size_of_the_file_created": 163840, "Throughput": 213427.3164074741, "Word_Count": "27681"}