[{"Book_Name": "anna_kareina", "Protocol": "UDP", "PID": "415763", "Buffer_Size": 32, "Total_Time_Taken": 0.14280271530151367, "Original Size": "2068079", "Size_of_the_file_created": 13694, "Throughput": 95894.53513601955, "Word_Count": "1976"},
{"Book_Name": "bleak_house", "Protocol": "UDP", "PID": "415769", "Buffer_Size": 32, "Total_Time_Taken": 0.13799524307250977, "Original Size": "2001199", "Size_of_the_file_created": 16958, "Throughput": 122888.29399060806, "Word_Count": "2552"},
{"Book_Name": "don_quixote", "Protocol": "UDP", "PID": "415774", "Buffer_Size": 32, "Total_Time_Taken": 0.20902204513549805, "Original Size": "2390853", "Size_of_the_file_created": 27764, "Throughput": 132828.09467299035, "Word_Count": "4284"},
{"Book_Name": "les_miserables_victor_hugo", "Protocol": "UDP", "PID": "415779", "Buffer_Size": 32, "Total_Time_Taken": 0.17492175102233887, "Original Size": "3369775", "Size_of_the_file_created": 27152, "Throughput": 155223.69197260367, "Word_Count": "3953"},
{"Book_Name": "middlemarch", "Protocol": "UDP", "PID": "415785", "Buffer_Size": 32, "Total_Time_Taken": 0.14972615242004395, "Original Size": "1865985", "Size_of_the_file_created": 14798, "Throughput": 98833.76925685951, "Word_Count": "2150"},
{"Book_Name": "war_and_peace", "Protocol": "UDP", "PID": "415790", "Buffer_Size": 32, "Total_Time_Taken": 0.18076872825622559, "Original Size": "3359584", "Size_of_the_file_created": 49222, "Throughput": 272292.6718288998, "Word_Count": "7108"},
{"Book_Name": "anna_kareina", "Protocol": "UDP", "PID": "415795", "Buffer_Size": 1024, "Total_Time_Taken": 0.17549538612365723, "Original Size": "2068079", "Size_of_the_file_created": 213796, "Throughput": 1218242.8536859395, "Word_Count": "37003"},
{"Book_Name": "bleak_house", "Protocol": "UDP", "PID": "415801", "Buffer_Size": 1024, "Total_Time_Taken": 0.2119617462158203, "Original Size": "2001199", "Size_of_the_file_created": 152146, "Throughput": 717799.332739429, "Word_Count": "27453"},
{"Book_Name": "don_quixote", "Protocol": "UDP", "PID": "415806", "Buffer_Size": 1024, "Total_Time_Taken": 0.18290328979492188, "Original Size": "2390853", "Size_of_the_file_created": 212947, "Throughput": 1164260.0865121905, "Word_Count": "38253"},
{"Book_Name": "les_miserables_victor_hugo", "Protocol": "UDP", "PID": "415811", "Buffer_Size": 1024, "Total_Time_Taken": 0.2106935977935791, "Original Size": "3369775", "Size_of_the_file_created": 227980, "Throughput": 1082045.2182099845, "Word_Count": "39014"},
{"Book_Name": "middlemarch", "Protocol": "UDP", "PID": "415818", "Buffer_Size": 1024, "Total_Time_Taken": 0.16199517250061035, "Original Size": "1865985", "Size_of_the_file_created": 201983, "Throughput": 1246845.7972057099, "Word_Count": "34919"},
{"Book_Name": "war_and_peace", "Protocol": "UDP", "PID": "415823", "Buffer_Size": 1024, "Total_Time_Taken": 0.3037567138671875, "Original Size": "3359584", "Size_of_the_file_created": 255021, "Throughput": 839556.7516953836, "Word_Count": "43329"},
{"Book_Name": "anna_kareina", "Protocol": "UDP", "PID": "415828", "Buffer_Size": 32768, "Total_Time_Taken": 0.21708154678344727, "Original Size": "2068079", "Size_of_the_file_created": 299262, "Throughput": 1378569.5027248585, "Word_Count": "51720"},
{"Book_Name": "bleak_house", "Protocol": "UDP", "PID": "415855", "Buffer_Size": 32768, "Total_Time_Taken": 0.14290452003479004, "Original Size": "2001199", "Size_of_the_file_created": 248536, "Throughput": 1739175.219506661, "Word_Count": "44577"},
{"Book_Name": "don_quixote", "Protocol": "UDP", "PID": "415862", "Buffer_Size": 32768, "Total_Time_Taken": 0.1679527759552002, "Original Size": "2390853", "Size_of_the_file_created": 290471, "Throughput": 1729480.1967279206, "Word_Count": "52166"},
{"Book_Name": "les_miserables_victor_hugo", "Protocol": "UDP", "PID": "415868", "Buffer_Size": 32768, "Total_Time_Taken": 0.18115830421447754, "Original Size": "3369775", "Size_of_the_file_created": 349309, "Throughput": 1928197.5591162795, "Word_Count": "59191"},
{"Book_Name": "middlemarch", "Protocol": "UDP", "PID": "415873", "Buffer_Size": 32768, "Total_Time_Taken": 0.17184185981750488, "Original Size": "1865985", "Size_of_the_file_created": 298558, "Throughput": 1737399.72505574, "Word_Count": "51711"},
{"Book_Name": "war_and_peace", "Protocol": "UDP", "PID": "415878", "Buffer_Size": 32768, "Total_Time_Taken": 0.1862189769744873, "Original Size": "3359584", "Size_of_the_file_created": 355605, "Throughput": 1909606.6672556107, "Word_Count": "60514"},
{"Book_Name": "anna_kareina", "Protocol": "UDP", "PID": "415883", "Buffer_Size": 65536, "Total_Time_Taken": 0.15469670295715332, "Original Size": "2068079", "Size_of_the_file_created": 355867, "Throughput": 2300417.482708505, "Word_Count": "61614"},
{"Book_Name": "bleak_house", "Protocol": "UDP", "PID": "415888", "Buffer_Size": 65536, "Total_Time_Taken": 0.13242745399475098, "Original Size": "2001199", "Size_of_the_file_created": 264968, "Throughput": 2000853.9921827882, "Word_Count": "47656"},
{"Book_Name": "don_quixote", "Protocol": "UDP", "PID": "415893", "Buffer_Size": 65536, "Total_Time_Taken": 0.15431690216064453, "Original Size": "2390853", "Size_of_the_file_created": 343342, "Throughput": 2224915.062399189, "Word_Count": "61818"},
{"Book_Name": "les_miserables_victor_hugo", "Protocol": "UDP", "PID": "415898", "Buffer_Size": 65536, "Total_Time_Taken": 0.19223856925964355, "Original Size": "3369775", "Size_of_the_file_created": 454027, "Throughput": 2361789.3211989976, "Word_Count": "77499"},
{"Book_Name": "middlemarch", "Protocol": "UDP", "PID": "415903", "Buffer_Size": 65536, "Total_Time_Taken": 0.1669609546661377, "Original Size": "1865985", "Size_of_the_file_created": 363548, "Throughput": 2177443.227531648, "Word_Count": "62660"},
{"Book_Name": "war_and_peace", "Protocol": "UDP", "PID": "415908", "Buffer_Size": 65536, "Total_Time_Taken": 0.1806037425994873, "Original Size": "3359584", "Size_of_the_file_created": 364642, "Throughput": 2019016.8528713265, "Word_Count": "62072"}]