[{"Book_Name": "anna_kareina", "Protocol": "UDP", "PID": "12611", "Buffer_Size": 1024, "Total_Time_Taken": 0.13693881034851074, "Size_of_the_file_created": 135168, "Throughput": 987068.6013409639, "Word_Count": "22669"},
    {"Book_Name": "bleak_house", "Protocol": "UDP", "PID": "12611", "Buffer_Size": 1024, "Total_Time_Taken": 0.3251168727874756, "Size_of_the_file_created": 241664, "Throughput": 743314.2362868765, "Word_Count": "42518"},
    {"Book_Name": "don_quixote", "Protocol": "UDP", "PID": "12611", "Buffer_Size": 1024, "Total_Time_Taken": 0.5294790267944336, "Size_of_the_file_created": 389120, "Throughput": 734911.0735429999, "Word_Count": "69266"},
    {"Book_Name": "les_miserables_victor_hugo", "Protocol": "UDP", "PID": "12611", "Buffer_Size": 1024, "Total_Time_Taken": 0.6901178359985352, "Size_of_the_file_created": 438272, "Throughput": 635068.3566464586, "Word_Count": "73425"},
    {"Book_Name": "middlemarch", "Protocol": "UDP", "PID": "12611", "Buffer_Size": 1024, "Total_Time_Taken": 0.8349332809448242, "Size_of_the_file_created": 167936, "Throughput": 201137.0295479908, "Word_Count": "28311"},
    {"Book_Name": "anna_kareina", "Protocol": "UDP", "PID": "12636", "Buffer_Size": 1024, "Total_Time_Taken": 0.12198996543884277, "Size_of_the_file_created": 204800, "Throughput": 1678826.6089203246, "Word_Count": "35096"},
    {"Book_Name": "blaeak_house", "Protocol": "UDP", "PID": "12636", "Buffer_Size": 1024, "Total_Time_Taken": 0.34606003761291504, "Size_of_the_file_created": 348160, "Throughput": 1006068.2025048898, "Word_Count": "61380"},
    {"Book_Name": "don_quixote", "Protocol": "UDP", "PID": "12636", "Buffer_Size": 1024, "Total_Time_Taken": 0.516270637512207, "Size_of_the_file_created": 483328, "Throughput": 936191.146428644, "Word_Count": "86094"},
    {"Book_Name": "les_miserables_victor_hugo", "Protocol": "UDP", "PID": "12636", "Buffer_Size": 1024, "Total_Time_Taken": 0.7884624004364014, "Size_of_the_file_created": 462848, "Throughput": 587026.089949021, "Word_Count": "77154"},
    {"Book_Name": "middlemarch", "Protocol": "UDP", "PID": "12636", "Buffer_Size": 1024, "Total_Time_Taken": 0.9291632175445557, "Size_of_the_file_created": 225280, "Throughput": 242454.71166555004, "Word_Count": "37979"},
    {"Book_Name": "anna_kareina", "Protocol": "UDP", "PID": "12655", "Buffer_Size": 1024, "Total_Time_Taken": 0.18849444389343262, "Size_of_the_file_created": 512000, "Throughput": 2716260.434124333, "Word_Count": "87066"},
    {"Book_Name": "bleak_house", "Protocol": "UDP", "PID": "12655", "Buffer_Size": 1024, "Total_Time_Taken": 0.366530179977417, "Size_of_the_file_created": 241664, "Throughput": 659329.0626569677, "Word_Count": "42931"},
    {"Book_Name": "don_quixote", "Protocol": "UDP", "PID": "12655", "Buffer_Size": 1024, "Total_Time_Taken": 0.5187163352966309, "Size_of_the_file_created": 274432, "Throughput": 529059.8759398323, "Word_Count": "48255"},
    {"Book_Name": "les_miserables_victor_hugo", "Protocol": "UDP", "PID": "12655", "Buffer_Size": 1024, "Total_Time_Taken": 0.6863744258880615, "Size_of_the_file_created": 270336, "Throughput": 393860.828439561, "Word_Count": "45097"},
    {"Book_Name": "middlemarch", "Protocol": "UDP", "PID": "12655", "Buffer_Size": 1024, "Total_Time_Taken": 0.8494138717651367, "Size_of_the_file_created": 192512, "Throughput": 226640.98903865047, "Word_Count": "32745"},
    {"Book_Name": "anna_kareina", "Protocol": "UDP", "PID": "12675", "Buffer_Size": 1024, "Total_Time_Taken": 0.1698596477508545, "Size_of_the_file_created": 385024, "Throughput": 2266718.464910175, "Word_Count": "65030"},
    {"Book_Name": "bleak_house", "Protocol": "UDP", "PID": "12675", "Buffer_Size": 1024, "Total_Time_Taken": 0.32219839096069336, "Size_of_the_file_created": 266240, "Throughput": 826323.1830741203, "Word_Count": "47072"},
    {"Book_Name": "don_quixote", "Protocol": "UDP", "PID": "12675", "Buffer_Size": 1024, "Total_Time_Taken": 0.4629840850830078, "Size_of_the_file_created": 405504, "Throughput": 875848.6804731046, "Word_Count": "71570"},
    {"Book_Name": "les_miserables_victor_hugo", "Protocol": "UDP", "PID": "12675", "Buffer_Size": 1024, "Total_Time_Taken": 0.7478504180908203, "Size_of_the_file_created": 708608, "Throughput": 947526.3807553897, "Word_Count": "119378"},
    {"Book_Name": "middlemarch", "Protocol": "UDP", "PID": "12675", "Buffer_Size": 1024, "Total_Time_Taken": 0.883338451385498, "Size_of_the_file_created": 339968, "Throughput": 384867.20403347915, "Word_Count": "57986"},
    {"Book_Name": "anna_kareina", "Protocol": "UDP", "PID": "12725", "Buffer_Size": 1024, "Total_Time_Taken": 0.1626441478729248, "Size_of_the_file_created": 278528, "Throughput": 1712499.3652868236, "Word_Count": "47387"},
    {"Book_Name": "bleak_house", "Protocol": "UDP", "PID": "12725", "Buffer_Size": 1024, "Total_Time_Taken": 0.36522459983825684, "Size_of_the_file_created": 286720, "Throughput": 785051.171599549, "Word_Count": "50977"},
    {"Book_Name": "don_quixote", "Protocol": "UDP", "PID": "12725", "Buffer_Size": 1024, "Total_Time_Taken": 0.556673526763916, "Size_of_the_file_created": 217088, "Throughput": 389973.6372627372, "Word_Count": "38074"},
    {"Book_Name": "les_miserables_victor_hugo", "Protocol": "UDP", "PID": "12725", "Buffer_Size": 1024, "Total_Time_Taken": 0.7873616218566895, "Size_of_the_file_created": 364544, "Throughput": 462994.3724465046, "Word_Count": "60762"},
    {"Book_Name": "middlemarch", "Protocol": "UDP", "PID": "12725", "Buffer_Size": 1024, "Total_Time_Taken": 0.9151937961578369, "Size_of_the_file_created": 438272, "Throughput": 478884.36508196604, "Word_Count": "75059"}