[{"Book_Name": "les_miserables_victor_hugo", "Protocol": "TCP", "PID": "9422", "Buffer_Size": 1024, "Total_Time_Taken (ms)": 269.883394241333, "Size_of_the_file_created": 3369775, "Throughput": 12486040.534182353, "Word_Count": "568727"},
{"Book_Name": "les_miserables_victor_hugo", "Protocol": "TCP", "PID": "9424", "Buffer_Size": 1024, "Total_Time_Taken (ms)": 278.78689765930176, "Size_of_the_file_created": 3369775, "Throughput": 12087278.951387862, "Word_Count": "568727"},
{"Book_Name": "les_miserables_victor_hugo", "Protocol": "TCP", "PID": "9421", "Buffer_Size": 1024, "Total_Time_Taken (ms)": 290.3745174407959, "Size_of_the_file_created": 3369775, "Throughput": 11604926.732894387, "Word_Count": "568727"},
{"Book_Name": "les_miserables_victor_hugo", "Protocol": "TCP", "PID": "9425", "Buffer_Size": 1024, "Total_Time_Taken (ms)": 290.818452835083, "Size_of_the_file_created": 3369775, "Throughput": 11587211.771293372, "Word_Count": "568727"},
{"Book_Name": "les_miserables_victor_hugo", "Protocol": "TCP", "PID": "9423", "Buffer_Size": 1024, "Total_Time_Taken (ms)": 284.8498821258545, "Size_of_the_file_created": 3369775, "Throughput": 11830003.140079029, "Word_Count": "568727"},
{"Book_Name": "les_miserables_victor_hugo", "Protocol": "TCP", "PID": "9860", "Buffer_Size": 1024, "Total_Time_Taken (ms)": 298.1090545654297, "Size_of_the_file_created": 3369775, "Throughput": 11303833.10534566, "Word_Count": "568727"},
{"Book_Name": "les_miserables_victor_hugo", "Protocol": "TCP", "PID": "9858", "Buffer_Size": 1024, "Total_Time_Taken (ms)": 303.06029319763184, "Size_of_the_file_created": 3369775, "Throughput": 11119157.06424299, "Word_Count": "568727"},
{"Book_Name": "les_miserables_victor_hugo", "Protocol": "TCP", "PID": "9859", "Buffer_Size": 1024, "Total_Time_Taken (ms)": 303.6794662475586, "Size_of_the_file_created": 3369775, "Throughput": 11096486.178795407, "Word_Count": "568727"},
{"Book_Name": "les_miserables_victor_hugo", "Protocol": "TCP", "PID": "9857", "Buffer_Size": 1024, "Total_Time_Taken (ms)": 296.24485969543457, "Size_of_the_file_created": 3369775, "Throughput": 11374965.302231476, "Word_Count": "568727"},
{"Book_Name": "les_miserables_victor_hugo", "Protocol": "TCP", "PID": "9856", "Buffer_Size": 1024, "Total_Time_Taken (ms)": 304.3084144592285, "Size_of_the_file_created": 3369775, "Throughput": 11073551.830593515, "Word_Count": "568727"},
{"Book_Name": "les_miserables_victor_hugo", "Protocol": "TCP", "PID": "10275", "Buffer_Size": 1024, "Total_Time_Taken (ms)": 316.8156147003174, "Size_of_the_file_created": 3369775, "Throughput": 10636391.780081742, "Word_Count": "568727"},
{"Book_Name": "les_miserables_victor_hugo", "Protocol": "TCP", "PID": "10274", "Buffer_Size": 1024, "Total_Time_Taken (ms)": 307.711124420166, "Size_of_the_file_created": 3369775, "Throughput": 10951099.042486096, "Word_Count": "568727"},
{"Book_Name": "les_miserables_victor_hugo", "Protocol": "TCP", "PID": "10271", "Buffer_Size": 1024, "Total_Time_Taken (ms)": 322.06153869628906, "Size_of_the_file_created": 3369775, "Throughput": 10463140.09937638, "Word_Count": "568727"},
{"Book_Name": "les_miserables_victor_hugo", "Protocol": "TCP", "PID": "10273", "Buffer_Size": 1024, "Total_Time_Taken (ms)": 315.3235912322998, "Size_of_the_file_created": 3369775, "Throughput": 10686720.225501545, "Word_Count": "568727"},
{"Book_Name": "les_miserables_victor_hugo", "Protocol": "TCP", "PID": "10272", "Buffer_Size": 1024, "Total_Time_Taken (ms)": 318.1898593902588, "Size_of_the_file_created": 3369775, "Throughput": 10590453.78271148, "Word_Count": "568727"},
{"Book_Name": "les_miserables_victor_hugo", "Protocol": "TCP", "PID": "10567", "Buffer_Size": 1024, "Total_Time_Taken (ms)": 312.43896484375, "Size_of_the_file_created": 3369775, "Throughput": 10785386.520804845, "Word_Count": "568727"},
{"Book_Name": "les_miserables_victor_hugo", "Protocol": "TCP", "PID": "10564", "Buffer_Size": 1024, "Total_Time_Taken (ms)": 316.4827823638916, "Size_of_the_file_created": 3369775, "Throughput": 10647577.649660056, "Word_Count": "568727"},
{"Book_Name": "les_miserables_victor_hugo", "Protocol": "TCP", "PID": "10566", "Buffer_Size": 1024, "Total_Time_Taken (ms)": 314.7730827331543, "Size_of_the_file_created": 3369775, "Throughput": 10705410.293473832, "Word_Count": "568727"},
{"Book_Name": "les_miserables_victor_hugo", "Protocol": "TCP", "PID": "10565", "Buffer_Size": 1024, "Total_Time_Taken (ms)": 317.9972171783447, "Size_of_the_file_created": 3369775, "Throughput": 10596869.462886225, "Word_Count": "568727"},
{"Book_Name": "les_miserables_victor_hugo", "Protocol": "TCP", "PID": "10563", "Buffer_Size": 1024, "Total_Time_Taken (ms)": 318.12000274658203, "Size_of_the_file_created": 3369775, "Throughput": 10592779.36283812, "Word_Count": "568727"},
{"Book_Name": "les_miserables_victor_hugo", "Protocol": "TCP", "PID": "10980", "Buffer_Size": 1024, "Total_Time_Taken (ms)": 315.5183792114258, "Size_of_the_file_created": 3369775, "Throughput": 10680122.687058894, "Word_Count": "568727"},
{"Book_Name": "les_miserables_victor_hugo", "Protocol": "TCP", "PID": "10979", "Buffer_Size": 1024, "Total_Time_Taken (ms)": 315.7820701599121, "Size_of_the_file_created": 3369775, "Throughput": 10671204.347648824, "Word_Count": "568727"},
{"Book_Name": "les_miserables_victor_hugo", "Protocol": "TCP", "PID": "10981", "Buffer_Size": 1024, "Total_Time_Taken (ms)": 313.91024589538574, "Size_of_the_file_created": 3369775, "Throughput": 10734835.973219609, "Word_Count": "568727"},
{"Book_Name": "les_miserables_victor_hugo", "Protocol": "TCP", "PID": "10978", "Buffer_Size": 1024, "Total_Time_Taken (ms)": 314.24999237060547, "Size_of_the_file_created": 3369775, "Throughput": 10723230.172829766, "Word_Count": "568727"},
{"Book_Name": "les_miserables_victor_hugo", "Protocol": "TCP", "PID": "10982", "Buffer_Size": 1024, "Total_Time_Taken (ms)": 314.9139881134033, "Size_of_the_file_created": 3369775, "Throughput": 10700620.255669666, "Word_Count": "568727"},
{"Book_Name": "les_miserables_victor_hugo", "Protocol": "TCP", "PID": "11275", "Buffer_Size": 1024, "Total_Time_Taken (ms)": 329.07676696777344, "Size_of_the_file_created": 3369775, "Throughput": 10240087.840446064, "Word_Count": "568727"},
{"Book_Name": "les_miserables_victor_hugo", "Protocol": "TCP", "PID": "11273", "Buffer_Size": 1024, "Total_Time_Taken (ms)": 330.3816318511963, "Size_of_the_file_created": 3369775, "Throughput": 10199643.912158364, "Word_Count": "568727"},
{"Book_Name": "les_miserables_victor_hugo", "Protocol": "TCP", "PID": "11272", "Buffer_Size": 1024, "Total_Time_Taken (ms)": 330.6865692138672, "Size_of_the_file_created": 3369775, "Throughput": 10190238.472674837, "Word_Count": "568727"},
{"Book_Name": "les_miserables_victor_hugo", "Protocol": "TCP", "PID": "11276", "Buffer_Size": 1024, "Total_Time_Taken (ms)": 332.99851417541504, "Size_of_the_file_created": 3369775, "Throughput": 10119489.596956247, "Word_Count": "568727"},
{"Book_Name": "les_miserables_victor_hugo", "Protocol": "TCP", "PID": "11274", "Buffer_Size": 1024, "Total_Time_Taken (ms)": 320.38235664367676, "Size_of_the_file_created": 3369775, "Throughput": 10517979.31478418, "Word_Count": "568727"}
