[{"Book_Name": "bleak_house", "Protocol": "TCP", "PID": "213993", "Buffer_Size": 1024, "Total_Time_Taken (ms)": 174.87239837646484, "Size_of_the_file_created": 2001199, "Throughput": 11443767.104353564, "Word_Count": "356466"},
    {"Book_Name": "don_quixote", "Protocol": "TCP", "PID": "213993", "Buffer_Size": 1024, "Total_Time_Taken (ms)": 245.103120803833, "Size_of_the_file_created": 2390853, "Throughput": 9754478.001581656, "Word_Count": "430268"},
    {"Book_Name": "les_miserables_victor_hugo", "Protocol": "TCP", "PID": "213993", "Buffer_Size": 1024, "Total_Time_Taken (ms)": 220.0338840484619, "Size_of_the_file_created": 3369775, "Throughput": 15314800.329833815, "Word_Count": "568727"},
    {"Book_Name": "middlemarch", "Protocol": "TCP", "PID": "213993", "Buffer_Size": 1024, "Total_Time_Taken (ms)": 184.1604709625244, "Size_of_the_file_created": 1865985, "Throughput": 10132386.120904943, "Word_Count": "319477"},
    {"Book_Name": "war_and_peace", "Protocol": "TCP", "PID": "213993", "Buffer_Size": 1024, "Total_Time_Taken (ms)": 219.71702575683594, "Size_of_the_file_created": 3359584, "Throughput": 15290503.721446244, "Word_Count": "566317"},
    
    {"Book_Name": "bleak_house", "Protocol": "TCP", "PID": "214019", "Buffer_Size": 1024, "Total_Time_Taken (ms)": 113.8765811920166, "Size_of_the_file_created": 2001199, "Throughput": 17573402.529758204, "Word_Count": "356466"},
    {"Book_Name": "don_quixote", "Protocol": "TCP", "PID": "214019", "Buffer_Size": 1024, "Total_Time_Taken (ms)": 115.04673957824707, "Size_of_the_file_created": 2390853, "Throughput": 20781579.806300398, "Word_Count": "430268"},
    {"Book_Name": "les_miserables_victor_hugo", "Protocol": "TCP", "PID": "214019", "Buffer_Size": 1024, "Total_Time_Taken (ms)": 177.99735069274902, "Size_of_the_file_created": 3369775, "Throughput": 18931601.99792385, "Word_Count": "568727"},
    {"Book_Name": "middlemarch", "Protocol": "TCP", "PID": "214019", "Buffer_Size": 1024, "Total_Time_Taken (ms)": 81.94923400878906, "Size_of_the_file_created": 1865985, "Throughput": 22770011.49028279, "Word_Count": "319477"},
    {"Book_Name": "war_and_peace", "Protocol": "TCP", "PID": "214019", "Buffer_Size": 1024, "Total_Time_Taken (ms)": 194.21792030334473, "Size_of_the_file_created": 3359584, "Throughput": 17298012.432389036, "Word_Count": "566317"},
    
    {"Book_Name": "bleak_house", "Protocol": "TCP", "PID": "214044", "Buffer_Size": 1024, "Total_Time_Taken (ms)": 104.05874252319336, "Size_of_the_file_created": 2001199, "Throughput": 19231435.54760868, "Word_Count": "356466"},
    {"Book_Name": "don_quixote", "Protocol": "TCP", "PID": "214044", "Buffer_Size": 1024, "Total_Time_Taken (ms)": 135.4081630706787, "Size_of_the_file_created": 2390853, "Throughput": 17656638.60864911, "Word_Count": "430268"},
    {"Book_Name": "les_miserables_victor_hugo", "Protocol": "TCP", "PID": "214044", "Buffer_Size": 1024, "Total_Time_Taken (ms)": 162.28985786437988, "Size_of_the_file_created": 3369775, "Throughput": 20763928.46936872, "Word_Count": "568727"},
    {"Book_Name": "middlemarch", "Protocol": "TCP", "PID": "214044", "Buffer_Size": 1024, "Total_Time_Taken (ms)": 94.28620338439941, "Size_of_the_file_created": 1865985, "Throughput": 19790647.337792218, "Word_Count": "319477"},
    {"Book_Name": "war_and_peace", "Protocol": "TCP", "PID": "214044", "Buffer_Size": 1024, "Total_Time_Taken (ms)": 194.50020790100098, "Size_of_the_file_created": 3359584, "Throughput": 17272906.98686554, "Word_Count": "566317"},
    
    {"Book_Name": "bleak_house", "Protocol": "TCP", "PID": "214070", "Buffer_Size": 1024, "Total_Time_Taken (ms)": 118.84784698486328, "Size_of_the_file_created": 2001199, "Throughput": 16838327.75073222, "Word_Count": "356466"},
    {"Book_Name": "don_quixote", "Protocol": "TCP", "PID": "214070", "Buffer_Size": 1024, "Total_Time_Taken (ms)": 115.60225486755371, "Size_of_the_file_created": 2390853, "Throughput": 20681715.96427091, "Word_Count": "430268"},
    {"Book_Name": "les_miserables_victor_hugo", "Protocol": "TCP", "PID": "214070", "Buffer_Size": 1024, "Total_Time_Taken (ms)": 171.5846061706543, "Size_of_the_file_created": 3369775, "Throughput": 19639145.23106167, "Word_Count": "568727"},
    {"Book_Name": "middlemarch", "Protocol": "TCP", "PID": "214070", "Buffer_Size": 1024, "Total_Time_Taken (ms)": 89.33043479919434, "Size_of_the_file_created": 1865985, "Throughput": 20888569.54737255, "Word_Count": "319477"},
    {"Book_Name": "war_and_peace", "Protocol": "TCP", "PID": "214070", "Buffer_Size": 1024, "Total_Time_Taken (ms)": 190.51384925842285, "Size_of_the_file_created": 3359584, "Throughput": 17634329.541275952, "Word_Count": "566317"},
    
    {"Book_Name": "bleak_house", "Protocol": "TCP", "PID": "214088", "Buffer_Size": 1024, "Total_Time_Taken (ms)": 101.54008865356445, "Size_of_the_file_created": 2001199, "Throughput": 19708462.209716123, "Word_Count": "356466"},
    {"Book_Name": "don_quixote", "Protocol": "TCP", "PID": "214088", "Buffer_Size": 1024, "Total_Time_Taken (ms)": 131.18362426757812, "Size_of_the_file_created": 2390853, "Throughput": 18225239.72293466, "Word_Count": "430268"},
    {"Book_Name": "les_miserables_victor_hugo", "Protocol": "TCP", "PID": "214088", "Buffer_Size": 1024, "Total_Time_Taken (ms)": 188.37308883666992, "Size_of_the_file_created": 3369775, "Throughput": 17888834.444509134, "Word_Count": "568727"},
    {"Book_Name": "middlemarch", "Protocol": "TCP", "PID": "214088", "Buffer_Size": 1024, "Total_Time_Taken (ms)": 92.20099449157715, "Size_of_the_file_created": 1865985, "Throughput": 20238230.72939266, "Word_Count": "319477"},
    {"Book_Name": "war_and_peace", "Protocol": "TCP", "PID": "214088", "Buffer_Size": 1024, "Total_Time_Taken (ms)": 169.6934700012207, "Size_of_the_file_created": 3359584, "Throughput": 19797956.86879308, "Word_Count": "566317"},