[{"Book_Name": "les_miserables_victor_hugo", "Protocol": "TCP", "PID": "220955", "Buffer_Size": 1024, "Total_Time_Taken (ms)": 396.42953872680664, "Size_of_the_file_created": 3369775, "Throughput": 8500312.592302132, "Word_Count": "568727"},
    {"Book_Name": "les_miserables_victor_hugo", "Protocol": "TCP", "PID": "220957", "Buffer_Size": 1024, "Total_Time_Taken (ms)": 401.3240337371826, "Size_of_the_file_created": 3369775, "Throughput": 8396643.9004916, "Word_Count": "568727"},
    {"Book_Name": "les_miserables_victor_hugo", "Protocol": "TCP", "PID": "220956", "Buffer_Size": 1024, "Total_Time_Taken (ms)": 402.12297439575195, "Size_of_the_file_created": 3369775, "Throughput": 8379961.391322083, "Word_Count": "568727"},
    {"Book_Name": "les_miserables_victor_hugo", "Protocol": "TCP", "PID": "220958", "Buffer_Size": 1024, "Total_Time_Taken (ms)": 417.7441596984863, "Size_of_the_file_created": 3369775, "Throughput": 8066599.907541951, "Word_Count": "568727"},
    {"Book_Name": "les_miserables_victor_hugo", "Protocol": "TCP", "PID": "220954", "Buffer_Size": 1024, "Total_Time_Taken (ms)": 424.7109889984131, "Size_of_the_file_created": 3369775, "Throughput": 7934277.867278332, "Word_Count": "568727"},
    
    {"Book_Name": "les_miserables_victor_hugo", "Protocol": "TCP", "PID": "221005", "Buffer_Size": 1024, "Total_Time_Taken (ms)": 385.45894622802734, "Size_of_the_file_created": 3369775, "Throughput": 8742240.990838308, "Word_Count": "568727"},
    {"Book_Name": "les_miserables_victor_hugo", "Protocol": "TCP", "PID": "221006", "Buffer_Size": 1024, "Total_Time_Taken (ms)": 398.2837200164795, "Size_of_the_file_created": 3369775, "Throughput": 8460739.996755507, "Word_Count": "568727"},
    {"Book_Name": "les_miserables_victor_hugo", "Protocol": "TCP", "PID": "221009", "Buffer_Size": 1024, "Total_Time_Taken (ms)": 391.1762237548828, "Size_of_the_file_created": 3369775, "Throughput": 8614467.841766257, "Word_Count": "568727"},
    {"Book_Name": "les_miserables_victor_hugo", "Protocol": "TCP", "PID": "220997", "Buffer_Size": 1024, "Total_Time_Taken (ms)": 510.06174087524414, "Size_of_the_file_created": 3369775, "Throughput": 6606602.16196104, "Word_Count": "568727"},
    {"Book_Name": "les_miserables_victor_hugo", "Protocol": "TCP", "PID": "221008", "Buffer_Size": 1024, "Total_Time_Taken (ms)": 412.80198097229004, "Size_of_the_file_created": 3369775, "Throughput": 8163175.457789776, "Word_Count": "568727"},
    
    {"Book_Name": "les_miserables_victor_hugo", "Protocol": "TCP", "PID": "221045", "Buffer_Size": 1024, "Total_Time_Taken (ms)": 467.6949977874756, "Size_of_the_file_created": 3369775, "Throughput": 7205069.5772702135, "Word_Count": "568727"},
    {"Book_Name": "les_miserables_victor_hugo", "Protocol": "TCP", "PID": "221043", "Buffer_Size": 1024, "Total_Time_Taken (ms)": 456.7756652832031, "Size_of_the_file_created": 3369775, "Throughput": 7377308.504188206, "Word_Count": "568727"},
    {"Book_Name": "les_miserables_victor_hugo", "Protocol": "TCP", "PID": "221047", "Buffer_Size": 1024, "Total_Time_Taken (ms)": 504.44865226745605, "Size_of_the_file_created": 3369775, "Throughput": 6680114.982670948, "Word_Count": "568727"},
    {"Book_Name": "les_miserables_victor_hugo", "Protocol": "TCP", "PID": "221042", "Buffer_Size": 1024, "Total_Time_Taken (ms)": 495.03207206726074, "Size_of_the_file_created": 3369775, "Throughput": 6807185.211107178, "Word_Count": "568727"},
    {"Book_Name": "les_miserables_victor_hugo", "Protocol": "TCP", "PID": "221048", "Buffer_Size": 1024, "Total_Time_Taken (ms)": 475.9845733642578, "Size_of_the_file_created": 3369775, "Throughput": 7079588.68536944, "Word_Count": "568727"},
    
    {"Book_Name": "les_miserables_victor_hugo", "Protocol": "TCP", "PID": "221089", "Buffer_Size": 1024, "Total_Time_Taken (ms)": 455.86252212524414, "Size_of_the_file_created": 3369775, "Throughput": 7392086.070796109, "Word_Count": "568727"},
    {"Book_Name": "les_miserables_victor_hugo", "Protocol": "TCP", "PID": "221091", "Buffer_Size": 1024, "Total_Time_Taken (ms)": 515.3369903564453, "Size_of_the_file_created": 3369775, "Throughput": 6538973.648426078, "Word_Count": "568727"},
    {"Book_Name": "les_miserables_victor_hugo", "Protocol": "TCP", "PID": "221088", "Buffer_Size": 1024, "Total_Time_Taken (ms)": 519.4602012634277, "Size_of_the_file_created": 3369775, "Throughput": 6487070.600989364, "Word_Count": "568727"},
    {"Book_Name": "les_miserables_victor_hugo", "Protocol": "TCP", "PID": "221090", "Buffer_Size": 1024, "Total_Time_Taken (ms)": 544.9786186218262, "Size_of_the_file_created": 3369775, "Throughput": 6183315.9776463965, "Word_Count": "568727"},
    {"Book_Name": "les_miserables_victor_hugo", "Protocol": "TCP", "PID": "221092", "Buffer_Size": 1024, "Total_Time_Taken (ms)": 498.9640712738037, "Size_of_the_file_created": 3369775, "Throughput": 6753542.377104052, "Word_Count": "568727"},
    
    {"Book_Name": "les_miserables_victor_hugo", "Protocol": "TCP", "PID": "221137", "Buffer_Size": 1024, "Total_Time_Taken (ms)": 444.5521831512451, "Size_of_the_file_created": 3369775, "Throughput": 7580156.228483841, "Word_Count": "568727"},
    {"Book_Name": "les_miserables_victor_hugo", "Protocol": "TCP", "PID": "221140", "Buffer_Size": 1024, "Total_Time_Taken (ms)": 420.9721088409424, "Size_of_the_file_created": 3369775, "Throughput": 8004746.464743145, "Word_Count": "568727"},
    {"Book_Name": "les_miserables_victor_hugo", "Protocol": "TCP", "PID": "221139", "Buffer_Size": 1024, "Total_Time_Taken (ms)": 418.4727668762207, "Size_of_the_file_created": 3369775, "Throughput": 8052555.06864737, "Word_Count": "568727"},
    {"Book_Name": "les_miserables_victor_hugo", "Protocol": "TCP", "PID": "221138", "Buffer_Size": 1024, "Total_Time_Taken (ms)": 448.6246109008789, "Size_of_the_file_created": 3369775, "Throughput": 7511346.720888063, "Word_Count": "568727"},
    {"Book_Name": "les_miserables_victor_hugo", "Protocol": "TCP", "PID": "221136", "Buffer_Size": 1024, "Total_Time_Taken (ms)": 440.4745101928711, "Size_of_the_file_created": 3369775, "Throughput": 7650329.183689818, "Word_Count": "568727"}