[{"Book_Name": "les_miserables_victor_hugo", "Protocol": "TCP", "PID": "220666", "Buffer_Size": 1024, "Total_Time_Taken (ms)": 408.74528884887695, "Size_of_the_file_created": 3369775, "Throughput": 8244192.87984965, "Word_Count": "568727"},
    {"Book_Name": "les_miserables_victor_hugo", "Protocol": "TCP", "PID": "220662", "Buffer_Size": 1024, "Total_Time_Taken (ms)": 408.86950492858887, "Size_of_the_file_created": 3369775, "Throughput": 8241688.263321443, "Word_Count": "568727"},
    {"Book_Name": "les_miserables_victor_hugo", "Protocol": "TCP", "PID": "220665", "Buffer_Size": 1024, "Total_Time_Taken (ms)": 427.53028869628906, "Size_of_the_file_created": 3369775, "Throughput": 7881956.177364164, "Word_Count": "568727"},
    {"Book_Name": "les_miserables_victor_hugo", "Protocol": "TCP", "PID": "220663", "Buffer_Size": 1024, "Total_Time_Taken (ms)": 445.192813873291, "Size_of_the_file_created": 3369775, "Throughput": 7569248.413248404, "Word_Count": "568727"},
    {"Book_Name": "les_miserables_victor_hugo", "Protocol": "TCP", "PID": "220664", "Buffer_Size": 1024, "Total_Time_Taken (ms)": 501.2977123260498, "Size_of_the_file_created": 3369775, "Throughput": 6722103.287413886, "Word_Count": "568727"},
    
    {"Book_Name": "les_miserables_victor_hugo", "Protocol": "TCP", "PID": "220704", "Buffer_Size": 1024, "Total_Time_Taken (ms)": 509.64951515197754, "Size_of_the_file_created": 3369775, "Throughput": 6611945.856546401, "Word_Count": "568727"},
    {"Book_Name": "les_miserables_victor_hugo", "Protocol": "TCP", "PID": "220706", "Buffer_Size": 1024, "Total_Time_Taken (ms)": 547.9485988616943, "Size_of_the_file_created": 3369775, "Throughput": 6149801.289756656, "Word_Count": "568727"},
    {"Book_Name": "les_miserables_victor_hugo", "Protocol": "TCP", "PID": "220703", "Buffer_Size": 1024, "Total_Time_Taken (ms)": 499.62639808654785, "Size_of_the_file_created": 3369775, "Throughput": 6744589.583147427, "Word_Count": "568727"},
    {"Book_Name": "les_miserables_victor_hugo", "Protocol": "TCP", "PID": "220705", "Buffer_Size": 1024, "Total_Time_Taken (ms)": 555.0782680511475, "Size_of_the_file_created": 3369775, "Throughput": 6070810.539621943, "Word_Count": "568727"},
    {"Book_Name": "les_miserables_victor_hugo", "Protocol": "TCP", "PID": "220702", "Buffer_Size": 1024, "Total_Time_Taken (ms)": 581.3319683074951, "Size_of_the_file_created": 3369775, "Throughput": 5796644.91841185, "Word_Count": "568727"},
    
    {"Book_Name": "les_miserables_victor_hugo", "Protocol": "TCP", "PID": "220754", "Buffer_Size": 1024, "Total_Time_Taken (ms)": 488.633394241333, "Size_of_the_file_created": 3369775, "Throughput": 6896325.629221504, "Word_Count": "568727"},
    {"Book_Name": "les_miserables_victor_hugo", "Protocol": "TCP", "PID": "220755", "Buffer_Size": 1024, "Total_Time_Taken (ms)": 482.4032783508301, "Size_of_the_file_created": 3369775, "Throughput": 6985389.9242146425, "Word_Count": "568727"},
    {"Book_Name": "les_miserables_victor_hugo", "Protocol": "TCP", "PID": "220757", "Buffer_Size": 1024, "Total_Time_Taken (ms)": 479.76064682006836, "Size_of_the_file_created": 3369775, "Throughput": 7023867.0519047715, "Word_Count": "568727"},
    {"Book_Name": "les_miserables_victor_hugo", "Protocol": "TCP", "PID": "220752", "Buffer_Size": 1024, "Total_Time_Taken (ms)": 473.5727310180664, "Size_of_the_file_created": 3369775, "Throughput": 7115644.080172864, "Word_Count": "568727"},
    {"Book_Name": "les_miserables_victor_hugo", "Protocol": "TCP", "PID": "220756", "Buffer_Size": 1024, "Total_Time_Taken (ms)": 461.3230228424072, "Size_of_the_file_created": 3369775, "Throughput": 7304588.830701281, "Word_Count": "568727"},
    
    {"Book_Name": "les_miserables_victor_hugo", "Protocol": "TCP", "PID": "220790", "Buffer_Size": 1024, "Total_Time_Taken (ms)": 422.87731170654297, "Size_of_the_file_created": 3369775, "Throughput": 7968682.420915658, "Word_Count": "568727"},
    {"Book_Name": "les_miserables_victor_hugo", "Protocol": "TCP", "PID": "220795", "Buffer_Size": 1024, "Total_Time_Taken (ms)": 403.439998626709, "Size_of_the_file_created": 3369775, "Throughput": 8352605.124604792, "Word_Count": "568727"},
    {"Book_Name": "les_miserables_victor_hugo", "Protocol": "TCP", "PID": "220793", "Buffer_Size": 1024, "Total_Time_Taken (ms)": 467.28992462158203, "Size_of_the_file_created": 3369775, "Throughput": 7211315.336466737, "Word_Count": "568727"},
    {"Book_Name": "les_miserables_victor_hugo", "Protocol": "TCP", "PID": "220796", "Buffer_Size": 1024, "Total_Time_Taken (ms)": 456.1593532562256, "Size_of_the_file_created": 3369775, "Throughput": 7387275.906863168, "Word_Count": "568727"},
    {"Book_Name": "les_miserables_victor_hugo", "Protocol": "TCP", "PID": "220797", "Buffer_Size": 1024, "Total_Time_Taken (ms)": 470.15953063964844, "Size_of_the_file_created": 3369775, "Throughput": 7167301.267753622, "Word_Count": "568727"},
    
    {"Book_Name": "les_miserables_victor_hugo", "Protocol": "TCP", "PID": "220842", "Buffer_Size": 1024, "Total_Time_Taken (ms)": 469.0887928009033, "Size_of_the_file_created": 3369775, "Throughput": 7183661.28484814, "Word_Count": "568727"},
    {"Book_Name": "les_miserables_victor_hugo", "Protocol": "TCP", "PID": "220837", "Buffer_Size": 1024, "Total_Time_Taken (ms)": 487.02406883239746, "Size_of_the_file_created": 3369775, "Throughput": 6919113.891185655, "Word_Count": "568727"},
    {"Book_Name": "les_miserables_victor_hugo", "Protocol": "TCP", "PID": "220839", "Buffer_Size": 1024, "Total_Time_Taken (ms)": 533.6573123931885, "Size_of_the_file_created": 3369775, "Throughput": 6314492.318840774, "Word_Count": "568727"},
    {"Book_Name": "les_miserables_victor_hugo", "Protocol": "TCP", "PID": "220838", "Buffer_Size": 1024, "Total_Time_Taken (ms)": 529.8538208007812, "Size_of_the_file_created": 3369775, "Throughput": 6359820.138518913, "Word_Count": "568727"},
    {"Book_Name": "les_miserables_victor_hugo", "Protocol": "TCP", "PID": "220844", "Buffer_Size": 1024, "Total_Time_Taken (ms)": 519.5446014404297, "Size_of_the_file_created": 3369775, "Throughput": 6486016.774416189, "Word_Count": "568727"}