[{"Book_Name": "anna_kareina", "Protocol": "TCP", "PID": "394145", "Buffer_Size": 32, "Total_Time_Taken": 99.76410722732544, "Original Size": "2068079", "Size_of_the_file_created": 2033655, "Throughput": 20384.63588278351},
{"Book_Name": "bleak_house", "Protocol": "TCP", "PID": "394197", "Buffer_Size": 32, "Total_Time_Taken": 98.45624542236328, "Original Size": "2001199", "Size_of_the_file_created": 1966716, "Throughput": 19975.533208310637},
{"Book_Name": "don_quixote", "Protocol": "TCP", "PID": "394320", "Buffer_Size": 32, "Total_Time_Taken": 139.42527508735657, "Original Size": "2390853", "Size_of_the_file_created": 2354367, "Throughput": 16886.22811412692},
{"Book_Name": "les_miserables_victor_hugo", "Protocol": "TCP", "PID": "394470", "Buffer_Size": 32, "Total_Time_Taken": 279.6574332714081, "Original Size": "3369775", "Size_of_the_file_created": 3305477, "Throughput": 11819.735886626793},
{"Book_Name": "middlemarch", "Protocol": "TCP", "PID": "394674", "Buffer_Size": 32, "Total_Time_Taken": 83.20739579200745, "Original Size": "1865985", "Size_of_the_file_created": 1837592, "Throughput": 22084.479180112874},
{"Book_Name": "war_and_peace", "Protocol": "TCP", "PID": "394728", "Buffer_Size": 32, "Total_Time_Taken": 275.4928755760193, "Original Size": "3359584", "Size_of_the_file_created": 3302989, "Throughput": 11989.380825525472},
{"Book_Name": "anna_kareina", "Protocol": "TCP", "PID": "394929", "Buffer_Size": 1024, "Total_Time_Taken": 4.309790372848511, "Original Size": "2068079", "Size_of_the_file_created": 2033655, "Throughput": 471868.6581166306},
{"Book_Name": "bleak_house", "Protocol": "TCP", "PID": "394932", "Buffer_Size": 1024, "Total_Time_Taken": 4.323037385940552, "Original Size": "2001199", "Size_of_the_file_created": 1966716, "Throughput": 454938.46673549106},
{"Book_Name": "don_quixote", "Protocol": "TCP", "PID": "394937", "Buffer_Size": 1024, "Total_Time_Taken": 5.936800956726074, "Original Size": "2390853", "Size_of_the_file_created": 2354367, "Throughput": 396571.65823163226},
{"Book_Name": "les_miserables_victor_hugo", "Protocol": "TCP", "PID": "394940", "Buffer_Size": 1024, "Total_Time_Taken": 12.084607124328613, "Original Size": "3369775", "Size_of_the_file_created": 3305477, "Throughput": 273527.88270174264},
{"Book_Name": "middlemarch", "Protocol": "TCP", "PID": "394949", "Buffer_Size": 1024, "Total_Time_Taken": 3.517075300216675, "Original Size": "1865985", "Size_of_the_file_created": 1837592, "Throughput": 522477.2980796835},
{"Book_Name": "war_and_peace", "Protocol": "TCP", "PID": "394952", "Buffer_Size": 1024, "Total_Time_Taken": 11.804929256439209, "Original Size": "3359584", "Size_of_the_file_created": 3302989, "Throughput": 279797.4412424645},
{"Book_Name": "anna_kareina", "Protocol": "TCP", "PID": "394976", "Buffer_Size": 32768, "Total_Time_Taken": 0.30655860900878906, "Original Size": "2068079", "Size_of_the_file_created": 2033655, "Throughput": 6633821.201679888},
{"Book_Name": "bleak_house", "Protocol": "TCP", "PID": "394978", "Buffer_Size": 32768, "Total_Time_Taken": 0.31038594245910645, "Original Size": "2001199", "Size_of_the_file_created": 1966716, "Throughput": 6336356.55151849},
{"Book_Name": "don_quixote", "Protocol": "TCP", "PID": "394981", "Buffer_Size": 32768, "Total_Time_Taken": 0.36245274543762207, "Original Size": "2390853", "Size_of_the_file_created": 2354367, "Throughput": 6495652.273670487},
{"Book_Name": "les_miserables_victor_hugo", "Protocol": "TCP", "PID": "394983", "Buffer_Size": 32768, "Total_Time_Taken": 0.568751335144043, "Original Size": "3369775", "Size_of_the_file_created": 3305477, "Throughput": 5811814.049039286},
{"Book_Name": "middlemarch", "Protocol": "TCP", "PID": "394985", "Buffer_Size": 32768, "Total_Time_Taken": 0.28339719772338867, "Original Size": "1865985", "Size_of_the_file_created": 1837592, "Throughput": 6484157.270297328},
{"Book_Name": "war_and_peace", "Protocol": "TCP", "PID": "394987", "Buffer_Size": 32768, "Total_Time_Taken": 0.5593838691711426, "Original Size": "3359584", "Size_of_the_file_created": 3302989, "Throughput": 5904691.182629465},
{"Book_Name": "anna_kareina", "Protocol": "TCP", "PID": "394991", "Buffer_Size": 65536, "Total_Time_Taken": 0.22558236122131348, "Original Size": "2068079", "Size_of_the_file_created": 2033655, "Throughput": 9015133.04936475},
{"Book_Name": "bleak_house", "Protocol": "TCP", "PID": "394993", "Buffer_Size": 65536, "Total_Time_Taken": 0.23572349548339844, "Original Size": "2001199", "Size_of_the_file_created": 1966716, "Throughput": 8343317.648361074},
{"Book_Name": "don_quixote", "Protocol": "TCP", "PID": "394995", "Buffer_Size": 65536, "Total_Time_Taken": 0.28123021125793457, "Original Size": "2390853", "Size_of_the_file_created": 2354367, "Throughput": 8371671.697251106},
{"Book_Name": "les_miserables_victor_hugo", "Protocol": "TCP", "PID": "394997", "Buffer_Size": 65536, "Total_Time_Taken": 0.35838770866394043, "Original Size": "3369775", "Size_of_the_file_created": 3305477, "Throughput": 9223187.4031694},
{"Book_Name": "middlemarch", "Protocol": "TCP", "PID": "394999", "Buffer_Size": 65536, "Total_Time_Taken": 0.23233699798583984, "Original Size": "1865985", "Size_of_the_file_created": 1837592, "Throughput": 7909166.494920431},
{"Book_Name": "war_and_peace", "Protocol": "TCP", "PID": "395001", "Buffer_Size": 65536, "Total_Time_Taken": 0.3702669143676758, "Original Size": "3359584", "Size_of_the_file_created": 3302989, "Throughput": 8920562.09137856}]