[{"Book_Name": "anna_kareina", "Protocol": "TCP", "PID": "416249", "Buffer_Size": 32, "Total_Time_Taken": 122.62674832344055, "Original Size": "2068079", "Size_of_the_file_created": 2033655, "Throughput": 16584.106060090802, "Word_Count": "352854"},
{"Book_Name": "bleak_house", "Protocol": "TCP", "PID": "416318", "Buffer_Size": 32, "Total_Time_Taken": 118.7465615272522, "Original Size": "2001199", "Size_of_the_file_created": 1966716, "Throughput": 16562.29851799659, "Word_Count": "356478"},
{"Book_Name": "don_quixote", "Protocol": "TCP", "PID": "416405", "Buffer_Size": 32, "Total_Time_Taken": 165.26239585876465, "Original Size": "2390853", "Size_of_the_file_created": 2354332, "Throughput": 14246.023650849418, "Word_Count": "430270"},
{"Book_Name": "les_miserables_victor_hugo", "Protocol": "TCP", "PID": "416481", "Buffer_Size": 32, "Total_Time_Taken": 329.96125960350037, "Original Size": "3369775", "Size_of_the_file_created": 3305477, "Throughput": 10017.773007570777, "Word_Count": "568749"},
{"Book_Name": "middlemarch", "Protocol": "TCP", "PID": "416699", "Buffer_Size": 32, "Total_Time_Taken": 100.67679643630981, "Original Size": "1865985", "Size_of_the_file_created": 1837592, "Throughput": 18252.388485190804, "Word_Count": "319488"},
{"Book_Name": "war_and_peace", "Protocol": "TCP", "PID": "416786", "Buffer_Size": 32, "Total_Time_Taken": 300.59010004997253, "Original Size": "3359584", "Size_of_the_file_created": 3302989, "Throughput": 10988.349248531087, "Word_Count": "566340"},
{"Book_Name": "anna_kareina", "Protocol": "TCP", "PID": "417261", "Buffer_Size": 1024, "Total_Time_Taken": 4.293936729431152, "Original Size": "2068079", "Size_of_the_file_created": 2033655, "Throughput": 473610.8443473531, "Word_Count": "352854"},
{"Book_Name": "bleak_house", "Protocol": "TCP", "PID": "417269", "Buffer_Size": 1024, "Total_Time_Taken": 4.179474353790283, "Original Size": "2001199", "Size_of_the_file_created": 1966716, "Throughput": 470565.39495604846, "Word_Count": "356478"},
{"Book_Name": "don_quixote", "Protocol": "TCP", "PID": "417278", "Buffer_Size": 1024, "Total_Time_Taken": 5.896095037460327, "Original Size": "2390853", "Size_of_the_file_created": 2354367, "Throughput": 399309.54047411616, "Word_Count": "430275"},
{"Book_Name": "les_miserables_victor_hugo", "Protocol": "TCP", "PID": "417289", "Buffer_Size": 1024, "Total_Time_Taken": 11.768550157546997, "Original Size": "3369775", "Size_of_the_file_created": 3305477, "Throughput": 280873.7657357263, "Word_Count": "568749"},
{"Book_Name": "middlemarch", "Protocol": "TCP", "PID": "417298", "Buffer_Size": 1024, "Total_Time_Taken": 3.514315366744995, "Original Size": "1865985", "Size_of_the_file_created": 1837592, "Throughput": 522887.62055580737, "Word_Count": "319488"},
{"Book_Name": "war_and_peace", "Protocol": "TCP", "PID": "417308", "Buffer_Size": 1024, "Total_Time_Taken": 11.706067323684692, "Original Size": "3359584", "Size_of_the_file_created": 3302989, "Throughput": 282160.43088331784, "Word_Count": "566340"},
{"Book_Name": "anna_kareina", "Protocol": "TCP", "PID": "417316", "Buffer_Size": 32768, "Total_Time_Taken": 0.29023241996765137, "Original Size": "2068079", "Size_of_the_file_created": 2033655, "Throughput": 7006987.710837633, "Word_Count": "352854"},
{"Book_Name": "bleak_house", "Protocol": "TCP", "PID": "417321", "Buffer_Size": 32768, "Total_Time_Taken": 0.29691362380981445, "Original Size": "2001199", "Size_of_the_file_created": 1966716, "Throughput": 6623865.805698979, "Word_Count": "356478"},
{"Book_Name": "don_quixote", "Protocol": "TCP", "PID": "417326", "Buffer_Size": 32768, "Total_Time_Taken": 0.3839864730834961, "Original Size": "2390853", "Size_of_the_file_created": 2354367, "Throughput": 6131380.0486093005, "Word_Count": "430275"},
{"Book_Name": "les_miserables_victor_hugo", "Protocol": "TCP", "PID": "417331", "Buffer_Size": 32768, "Total_Time_Taken": 0.551062822341919, "Original Size": "3369775", "Size_of_the_file_created": 3305477, "Throughput": 5998366.912056072, "Word_Count": "568749"},
{"Book_Name": "middlemarch", "Protocol": "TCP", "PID": "417336", "Buffer_Size": 32768, "Total_Time_Taken": 0.2765827178955078, "Original Size": "1865985", "Size_of_the_file_created": 1837592, "Throughput": 6643914.753539436, "Word_Count": "319488"},
{"Book_Name": "war_and_peace", "Protocol": "TCP", "PID": "417341", "Buffer_Size": 32768, "Total_Time_Taken": 0.5655434131622314, "Original Size": "3359584", "Size_of_the_file_created": 3302989, "Throughput": 5840380.9913218925, "Word_Count": "566340"},
{"Book_Name": "anna_kareina", "Protocol": "TCP", "PID": "417346", "Buffer_Size": 65536, "Total_Time_Taken": 0.24826502799987793, "Original Size": "2068079", "Size_of_the_file_created": 2033655, "Throughput": 8191467.869574445, "Word_Count": "352854"},
{"Book_Name": "bleak_house", "Protocol": "TCP", "PID": "417351", "Buffer_Size": 65536, "Total_Time_Taken": 0.23701930046081543, "Original Size": "2001199", "Size_of_the_file_created": 1966716, "Throughput": 8297704.010501634, "Word_Count": "356478"},
{"Book_Name": "don_quixote", "Protocol": "TCP", "PID": "417356", "Buffer_Size": 65536, "Total_Time_Taken": 0.25870633125305176, "Original Size": "2390853", "Size_of_the_file_created": 2354367, "Throughput": 9100538.779227218, "Word_Count": "430275"},
{"Book_Name": "les_miserables_victor_hugo", "Protocol": "TCP", "PID": "417361", "Buffer_Size": 65536, "Total_Time_Taken": 0.38509416580200195, "Original Size": "3369775", "Size_of_the_file_created": 3305477, "Throughput": 8583555.123760372, "Word_Count": "568749"},
{"Book_Name": "middlemarch", "Protocol": "TCP", "PID": "417367", "Buffer_Size": 65536, "Total_Time_Taken": 0.24781107902526855, "Original Size": "1865985", "Size_of_the_file_created": 1837592, "Throughput": 7415293.970019097, "Word_Count": "319488"},
{"Book_Name": "war_and_peace", "Protocol": "TCP", "PID": "417372", "Buffer_Size": 65536, "Total_Time_Taken": 0.40854668617248535, "Original Size": "3359584", "Size_of_the_file_created": 3302989, "Throughput": 8084728.4087515585, "Word_Count": "566340"}]