[{"Book_Name": "anna_kareina", "Protocol": "UDP", "PID": "419714", "Buffer_Size": 32, "Total_Time_Taken": 0.22713708877563477, "Original Size": "2068079", "Size_of_the_file_created": 17646, "Throughput": 77688.76538446198, "Word_Count": "2541"},
{"Book_Name": "bleak_house", "Protocol": "UDP", "PID": "419720", "Buffer_Size": 32, "Total_Time_Taken": 0.24334406852722168, "Original Size": "2001199", "Size_of_the_file_created": 12962, "Throughput": 53266.143195719626, "Word_Count": "1939"},
{"Book_Name": "don_quixote", "Protocol": "UDP", "PID": "419725", "Buffer_Size": 32, "Total_Time_Taken": 0.1387953758239746, "Original Size": "2390853", "Size_of_the_file_created": 20494, "Throughput": 147656.21605428154, "Word_Count": "3167"},
{"Book_Name": "les_miserables_victor_hugo", "Protocol": "UDP", "PID": "419730", "Buffer_Size": 32, "Total_Time_Taken": 0.20212340354919434, "Original Size": "3369775", "Size_of_the_file_created": 43993, "Throughput": 217654.16190061657, "Word_Count": "6400"},
{"Book_Name": "middlemarch", "Protocol": "UDP", "PID": "419735", "Buffer_Size": 32, "Total_Time_Taken": 0.19829034805297852, "Original Size": "1865985", "Size_of_the_file_created": 23505, "Throughput": 118538.29614399596, "Word_Count": "3411"},
{"Book_Name": "war_and_peace", "Protocol": "UDP", "PID": "419740", "Buffer_Size": 32, "Total_Time_Taken": 0.16273260116577148, "Original Size": "3359584", "Size_of_the_file_created": 49138, "Throughput": 301955.475718995, "Word_Count": "7075"},
{"Book_Name": "anna_kareina", "Protocol": "UDP", "PID": "419745", "Buffer_Size": 1024, "Total_Time_Taken": 0.2164306640625, "Original Size": "2068079", "Size_of_the_file_created": 207289, "Throughput": 957761.6965595037, "Word_Count": "35790"},
{"Book_Name": "bleak_house", "Protocol": "UDP", "PID": "419750", "Buffer_Size": 1024, "Total_Time_Taken": 0.17786860466003418, "Original Size": "2001199", "Size_of_the_file_created": 166024, "Throughput": 933408.1206592184, "Word_Count": "29754"},
{"Book_Name": "don_quixote", "Protocol": "UDP", "PID": "419755", "Buffer_Size": 1024, "Total_Time_Taken": 0.2612113952636719, "Original Size": "2390853", "Size_of_the_file_created": 213587, "Throughput": 817678.7225702811, "Word_Count": "38552"},
{"Book_Name": "les_miserables_victor_hugo", "Protocol": "UDP", "PID": "419760", "Buffer_Size": 1024, "Total_Time_Taken": 0.2716226577758789, "Original Size": "3369775", "Size_of_the_file_created": 247391, "Throughput": 910789.2619331009, "Word_Count": "42403"},
{"Book_Name": "middlemarch", "Protocol": "UDP", "PID": "419765", "Buffer_Size": 1024, "Total_Time_Taken": 0.233412504196167, "Original Size": "1865985", "Size_of_the_file_created": 198914, "Throughput": 852199.4170150653, "Word_Count": "34280"},
{"Book_Name": "war_and_peace", "Protocol": "UDP", "PID": "419771", "Buffer_Size": 1024, "Total_Time_Taken": 0.19603586196899414, "Original Size": "3359584", "Size_of_the_file_created": 215111, "Throughput": 1097304.3291131235, "Word_Count": "36555"},
{"Book_Name": "anna_kareina", "Protocol": "UDP", "PID": "419776", "Buffer_Size": 32768, "Total_Time_Taken": 0.27750229835510254, "Original Size": "2068079", "Size_of_the_file_created": 301827, "Throughput": 1087655.8565067113, "Word_Count": "51985"},
{"Book_Name": "bleak_house", "Protocol": "UDP", "PID": "419781", "Buffer_Size": 32768, "Total_Time_Taken": 0.15382719039916992, "Original Size": "2001199", "Size_of_the_file_created": 191024, "Throughput": 1241809.0683728096, "Word_Count": "34175"},
{"Book_Name": "don_quixote", "Protocol": "UDP", "PID": "419786", "Buffer_Size": 32768, "Total_Time_Taken": 0.2621464729309082, "Original Size": "2390853", "Size_of_the_file_created": 304020, "Throughput": 1159733.322370994, "Word_Count": "54447"},
{"Book_Name": "les_miserables_victor_hugo", "Protocol": "UDP", "PID": "419791", "Buffer_Size": 32768, "Total_Time_Taken": 0.27196431159973145, "Original Size": "3369775", "Size_of_the_file_created": 325173, "Throughput": 1195645.8481162023, "Word_Count": "55335"},
{"Book_Name": "middlemarch", "Protocol": "UDP", "PID": "419796", "Buffer_Size": 32768, "Total_Time_Taken": 0.2449653148651123, "Original Size": "1865985", "Size_of_the_file_created": 299679, "Throughput": 1223352.7843115882, "Word_Count": "51840"},
{"Book_Name": "war_and_peace", "Protocol": "UDP", "PID": "419801", "Buffer_Size": 32768, "Total_Time_Taken": 0.2294621467590332, "Original Size": "3359584", "Size_of_the_file_created": 351007, "Throughput": 1529694.5703580712, "Word_Count": "59885"},
{"Book_Name": "anna_kareina", "Protocol": "UDP", "PID": "419806", "Buffer_Size": 65536, "Total_Time_Taken": 0.1782698631286621, "Original Size": "2068079", "Size_of_the_file_created": 337722, "Throughput": 1894442.4709422537, "Word_Count": "58389"},
{"Book_Name": "bleak_house", "Protocol": "UDP", "PID": "419811", "Buffer_Size": 65536, "Total_Time_Taken": 0.1829240322113037, "Original Size": "2001199", "Size_of_the_file_created": 265995, "Throughput": 1454128.2344614912, "Word_Count": "47875"},
{"Book_Name": "don_quixote", "Protocol": "UDP", "PID": "419816", "Buffer_Size": 65536, "Total_Time_Taken": 0.2191469669342041, "Original Size": "2390853", "Size_of_the_file_created": 342048, "Throughput": 1560815.578628087, "Word_Count": "61290"},
{"Book_Name": "les_miserables_victor_hugo", "Protocol": "UDP", "PID": "419821", "Buffer_Size": 65536, "Total_Time_Taken": 0.2163388729095459, "Original Size": "3369775", "Size_of_the_file_created": 430968, "Throughput": 1992096.9089091693, "Word_Count": "73808"},
{"Book_Name": "middlemarch", "Protocol": "UDP", "PID": "419827", "Buffer_Size": 65536, "Total_Time_Taken": 0.2440953254699707, "Original Size": "1865985", "Size_of_the_file_created": 325484, "Throughput": 1333429.8777468475, "Word_Count": "56529"},
{"Book_Name": "war_and_peace", "Protocol": "UDP", "PID": "419832", "Buffer_Size": 65536, "Total_Time_Taken": 0.25766897201538086, "Original Size": "3359584", "Size_of_the_file_created": 393893, "Throughput": 1528678.4315516562, "Word_Count": "67406"}]