[{"Book_Name": "anna_kareina", "Protocol": "UDP", "PID": "398586", "Buffer_Size": 32, "Total_Time_Taken": 0.39168453216552734, "Original Size": "2068079", "Size_of_the_file_created": 73959, "Throughput": 188822.87638753283},
{"Book_Name": "bleak_house", "Protocol": "UDP", "PID": "398590", "Buffer_Size": 32, "Total_Time_Taken": 0.4001030921936035, "Original Size": "2001199", "Size_of_the_file_created": 92846, "Throughput": 232055.192302971},
{"Book_Name": "don_quixote", "Protocol": "UDP", "PID": "398592", "Buffer_Size": 32, "Total_Time_Taken": 0.4532918930053711, "Original Size": "2390853", "Size_of_the_file_created": 138089, "Throughput": 304635.93576416286},
{"Book_Name": "les_miserables_victor_hugo", "Protocol": "UDP", "PID": "398594", "Buffer_Size": 32, "Total_Time_Taken": 0.680290937423706, "Original Size": "3369775", "Size_of_the_file_created": 177249, "Throughput": 260548.8185264533},
{"Book_Name": "middlemarch", "Protocol": "UDP", "PID": "398599", "Buffer_Size": 32, "Total_Time_Taken": 0.3631713390350342, "Original Size": "1865985", "Size_of_the_file_created": 119367, "Throughput": 328679.57123809535},
{"Book_Name": "war_and_peace", "Protocol": "UDP", "PID": "398601", "Buffer_Size": 32, "Total_Time_Taken": 0.5480501651763916, "Original Size": "3359584", "Size_of_the_file_created": 162559, "Throughput": 296613.35828204686},
{"Book_Name": "anna_kareina", "Protocol": "UDP", "PID": "398603", "Buffer_Size": 1024, "Total_Time_Taken": 0.39601874351501465, "Original Size": "2068079", "Size_of_the_file_created": 196288, "Throughput": 495653.3073605844},
{"Book_Name": "bleak_house", "Protocol": "UDP", "PID": "398605", "Buffer_Size": 1024, "Total_Time_Taken": 0.4156301021575928, "Original Size": "2001199", "Size_of_the_file_created": 193587, "Throughput": 465767.5153822194},
{"Book_Name": "don_quixote", "Protocol": "UDP", "PID": "398608", "Buffer_Size": 1024, "Total_Time_Taken": 0.5173580646514893, "Original Size": "2390853", "Size_of_the_file_created": 210751, "Throughput": 407360.0363067102},
{"Book_Name": "les_miserables_victor_hugo", "Protocol": "UDP", "PID": "398613", "Buffer_Size": 1024, "Total_Time_Taken": 0.7132525444030762, "Original Size": "3369775", "Size_of_the_file_created": 272720, "Throughput": 382361.06150625856},
{"Book_Name": "middlemarch", "Protocol": "UDP", "PID": "398616", "Buffer_Size": 1024, "Total_Time_Taken": 0.34323835372924805, "Original Size": "1865985", "Size_of_the_file_created": 178379, "Throughput": 519694.253459531},
{"Book_Name": "war_and_peace", "Protocol": "UDP", "PID": "398618", "Buffer_Size": 1024, "Total_Time_Taken": 0.6651978492736816, "Original Size": "3359584", "Size_of_the_file_created": 233935, "Throughput": 351677.3246567614},
{"Book_Name": "anna_kareina", "Protocol": "UDP", "PID": "398620", "Buffer_Size": 32768, "Total_Time_Taken": 0.40192723274230957, "Original Size": "2068079", "Size_of_the_file_created": 207446, "Throughput": 516128.25183458347},
{"Book_Name": "bleak_house", "Protocol": "UDP", "PID": "398622", "Buffer_Size": 32768, "Total_Time_Taken": 0.45821356773376465, "Original Size": "2001199", "Size_of_the_file_created": 208917, "Throughput": 455938.04878642707},
{"Book_Name": "don_quixote", "Protocol": "UDP", "PID": "398624", "Buffer_Size": 32768, "Total_Time_Taken": 0.533916711807251, "Original Size": "2390853", "Size_of_the_file_created": 235510, "Throughput": 441098.76089629007},
{"Book_Name": "les_miserables_victor_hugo", "Protocol": "UDP", "PID": "398627", "Buffer_Size": 32768, "Total_Time_Taken": 0.6960246562957764, "Original Size": "3369775", "Size_of_the_file_created": 273271, "Throughput": 392616.83839526685},
{"Book_Name": "middlemarch", "Protocol": "UDP", "PID": "398629", "Buffer_Size": 32768, "Total_Time_Taken": 0.44908928871154785, "Original Size": "1865985", "Size_of_the_file_created": 210708, "Throughput": 469189.5471489162},
{"Book_Name": "war_and_peace", "Protocol": "UDP", "PID": "398632", "Buffer_Size": 32768, "Total_Time_Taken": 0.6028962135314941, "Original Size": "3359584", "Size_of_the_file_created": 269868, "Throughput": 447619.3313924381},
{"Book_Name": "anna_kareina", "Protocol": "UDP", "PID": "398634", "Buffer_Size": 65536, "Total_Time_Taken": 0.407116174697876, "Original Size": "2068079", "Size_of_the_file_created": 210458, "Throughput": 516948.2645983852},
{"Book_Name": "bleak_house", "Protocol": "UDP", "PID": "398636", "Buffer_Size": 65536, "Total_Time_Taken": 0.4148256778717041, "Original Size": "2001199", "Size_of_the_file_created": 191662, "Throughput": 462030.22190751793},
{"Book_Name": "don_quixote", "Protocol": "UDP", "PID": "398639", "Buffer_Size": 65536, "Total_Time_Taken": 0.4477519989013672, "Original Size": "2390853", "Size_of_the_file_created": 220899, "Throughput": 493351.23135577695},
{"Book_Name": "les_miserables_victor_hugo", "Protocol": "UDP", "PID": "398641", "Buffer_Size": 65536, "Total_Time_Taken": 0.5666894912719727, "Original Size": "3369775", "Size_of_the_file_created": 252143, "Throughput": 444940.31366992195},
{"Book_Name": "middlemarch", "Protocol": "UDP", "PID": "398643", "Buffer_Size": 65536, "Total_Time_Taken": 0.44788122177124023, "Original Size": "1865985", "Size_of_the_file_created": 209617, "Throughput": 468019.175197892},
{"Book_Name": "war_and_peace", "Protocol": "UDP", "PID": "398646", "Buffer_Size": 65536, "Total_Time_Taken": 0.5906903743743896, "Original Size": "3359584", "Size_of_the_file_created": 267272, "Throughput": 452473.93828462565}]