[{"Book_Name": "anna_kareina", "Protocol": "UDP", "PID": "393947", "Buffer_Size": 32, "Total_Time_Taken": 0.12853622436523438, "Original Size": "2068079", "Size_of_the_file_created": 26775, "Throughput": 208307.0366523223},
{"Book_Name": "bleak_house", "Protocol": "UDP", "PID": "393950", "Buffer_Size": 32, "Total_Time_Taken": 0.11355996131896973, "Original Size": "2001199", "Size_of_the_file_created": 10478, "Throughput": 92268.43579639097},
{"Book_Name": "don_quixote", "Protocol": "UDP", "PID": "393953", "Buffer_Size": 32, "Total_Time_Taken": 0.12688875198364258, "Original Size": "2390853", "Size_of_the_file_created": 19606, "Throughput": 154513.30156141374},
{"Book_Name": "les_miserables_victor_hugo", "Protocol": "UDP", "PID": "393955", "Buffer_Size": 32, "Total_Time_Taken": 0.16561675071716309, "Original Size": "3369775", "Size_of_the_file_created": 35974, "Throughput": 217212.3281263721},
{"Book_Name": "middlemarch", "Protocol": "UDP", "PID": "393957", "Buffer_Size": 32, "Total_Time_Taken": 0.13733148574829102, "Original Size": "1865985", "Size_of_the_file_created": 27457, "Throughput": 199932.30139754518},
{"Book_Name": "war_and_peace", "Protocol": "UDP", "PID": "393959", "Buffer_Size": 32, "Total_Time_Taken": 0.15079355239868164, "Original Size": "3359584", "Size_of_the_file_created": 21183, "Throughput": 140476.8285052034},
{"Book_Name": "anna_kareina", "Protocol": "UDP", "PID": "393961", "Buffer_Size": 1024, "Total_Time_Taken": 0.1894516944885254, "Original Size": "2068079", "Size_of_the_file_created": 239643, "Throughput": 1264929.3037308492},
{"Book_Name": "bleak_house", "Protocol": "UDP", "PID": "393963", "Buffer_Size": 1024, "Total_Time_Taken": 0.12376594543457031, "Original Size": "2001199", "Size_of_the_file_created": 145473, "Throughput": 1175387.9428562622},
{"Book_Name": "don_quixote", "Protocol": "UDP", "PID": "393965", "Buffer_Size": 1024, "Total_Time_Taken": 0.1436631679534912, "Original Size": "2390853", "Size_of_the_file_created": 177165, "Throughput": 1233197.085402951},
{"Book_Name": "les_miserables_victor_hugo", "Protocol": "UDP", "PID": "393967", "Buffer_Size": 1024, "Total_Time_Taken": 0.1851816177368164, "Original Size": "3369775", "Size_of_the_file_created": 256242, "Throughput": 1383733.456547377},
{"Book_Name": "middlemarch", "Protocol": "UDP", "PID": "393970", "Buffer_Size": 1024, "Total_Time_Taken": 0.16454529762268066, "Original Size": "1865985", "Size_of_the_file_created": 197475, "Throughput": 1200125.453921087},
{"Book_Name": "war_and_peace", "Protocol": "UDP", "PID": "393972", "Buffer_Size": 1024, "Total_Time_Taken": 0.1892080307006836, "Original Size": "3359584", "Size_of_the_file_created": 253902, "Throughput": 1341919.785644081},
{"Book_Name": "anna_kareina", "Protocol": "UDP", "PID": "393974", "Buffer_Size": 32768, "Total_Time_Taken": 0.15220403671264648, "Original Size": "2068079", "Size_of_the_file_created": 311900, "Throughput": 2049222.9163990663},
{"Book_Name": "bleak_house", "Protocol": "UDP", "PID": "393976", "Buffer_Size": 32768, "Total_Time_Taken": 0.11762332916259766, "Original Size": "2001199", "Size_of_the_file_created": 53415, "Throughput": 454119.09678360913},
{"Book_Name": "don_quixote", "Protocol": "UDP", "PID": "393982", "Buffer_Size": 32768, "Total_Time_Taken": 0.16812920570373535, "Original Size": "2390853", "Size_of_the_file_created": 402662, "Throughput": 2394955.702756014},
{"Book_Name": "les_miserables_victor_hugo", "Protocol": "UDP", "PID": "393984", "Buffer_Size": 32768, "Total_Time_Taken": 0.1769883632659912, "Original Size": "3369775", "Size_of_the_file_created": 453367, "Throughput": 2561563.8883481086},
{"Book_Name": "middlemarch", "Protocol": "UDP", "PID": "393986", "Buffer_Size": 32768, "Total_Time_Taken": 0.15808629989624023, "Original Size": "1865985", "Size_of_the_file_created": 328445, "Throughput": 2077631.016827989},
{"Book_Name": "war_and_peace", "Protocol": "UDP", "PID": "393988", "Buffer_Size": 32768, "Total_Time_Taken": 0.18079853057861328, "Original Size": "3359584", "Size_of_the_file_created": 438533, "Throughput": 2425534.093648625},
{"Book_Name": "anna_kareina", "Protocol": "UDP", "PID": "393990", "Buffer_Size": 65536, "Total_Time_Taken": 0.15582942962646484, "Original Size": "2068079", "Size_of_the_file_created": 228635, "Throughput": 1467213.225050337},
{"Book_Name": "bleak_house", "Protocol": "UDP", "PID": "393992", "Buffer_Size": 65536, "Total_Time_Taken": 0.13045549392700195, "Original Size": "2001199", "Size_of_the_file_created": 214645, "Throughput": 1645350.4067839975},
{"Book_Name": "don_quixote", "Protocol": "UDP", "PID": "393995", "Buffer_Size": 65536, "Total_Time_Taken": 0.16215014457702637, "Original Size": "2390853", "Size_of_the_file_created": 307800, "Throughput": 1898240.675658389},
{"Book_Name": "les_miserables_victor_hugo", "Protocol": "UDP", "PID": "393998", "Buffer_Size": 65536, "Total_Time_Taken": 0.17141008377075195, "Original Size": "3369775", "Size_of_the_file_created": 351010, "Throughput": 2047779.1754039943},
{"Book_Name": "middlemarch", "Protocol": "UDP", "PID": "394000", "Buffer_Size": 65536, "Total_Time_Taken": 0.1557009220123291, "Original Size": "1865985", "Size_of_the_file_created": 271056, "Throughput": 1740876.0108596953},
{"Book_Name": "war_and_peace", "Protocol": "UDP", "PID": "394002", "Buffer_Size": 65536, "Total_Time_Taken": 0.19902467727661133, "Original Size": "3359584", "Size_of_the_file_created": 354865, "Throughput": 1783020.1000994286}]