[{"Client IP_address": "127.0.0.1", "Client Port": 41294, "Server IP": "127.0.1.1", "Server port": 12346, "Protocol": "TCP", "Book_Name": "les_miserables_victor_hugo"},
{"Client IP_address": "127.0.0.1", "Client Port": 32976, "Server IP": "127.0.1.1", "Server port": 12347, "Protocol": "TCP", "Book_Name": "war_and_peace"},
{"Client IP_address": "127.0.0.1", "Client Port": 56432, "Server IP": "127.0.1.1", "Server port": 12348, "Protocol": "TCP", "Book_Name": "les_miserables_victor_hugo"},
{"Client IP_address": "127.0.0.1", "Client Port": 60262, "Server IP": "127.0.1.1", "Server port": 12349, "Protocol": "TCP", "Book_Name": "war_and_peace"}]