[{"Book_Name": "les_miserables_victor_hugo", "Protocol": "UDP", "PID": "120475", "Buffer_Size": 1024, "Total_Time_Taken": 1.1214213371276855, "Original Size": "3369775", "Size_of_the_file_created": 256745, "Throughput": 228946.06291120258, "Word_Count": "43988"},
{"Book_Name": "war_and_peace", "Protocol": "UDP", "PID": "120479", "Buffer_Size": 1024, "Total_Time_Taken": 1.1763122081756592, "Original Size": "3359584", "Size_of_the_file_created": 230986, "Throughput": 196364.53519277493, "Word_Count": "39185"}]