[{"Client IP_address": "127.0.0.1", "Client Port": 48212, "Server IP": "127.0.1.1", "Server port": 12346, "Protocol": "UDP", "Book_Name": "war_and_peace"},
{"Client IP_address": "127.0.0.1", "Client Port": 60176, "Server IP": "127.0.1.1", "Server port": 12347, "Protocol": "UDP", "Book_Name": "les_miserables_victor_hugo"},
{"Client IP_address": "127.0.0.1", "Client Port": 50843, "Server IP": "127.0.1.1", "Server port": 12348, "Protocol": "UDP", "Book_Name": "les_miserables_victor_hugo"},
{"Client IP_address": "127.0.0.1", "Client Port": 44979, "Server IP": "127.0.1.1", "Server port": 12349, "Protocol": "UDP", "Book_Name": "war_and_peace"}]